"Ensembl","Symbol","baseMean","DEG_sex","Male_L2FC","Male_padj","Female_L2FC","Female_padj"
"ENSMUSG00000000078","Klf6",2948.07826145544,"Male Up DEG",0.159515321240054,0.0234292864920017,-0.00123946354894278,1
"ENSMUSG00000000125","Wnt3",90.2796034958731,"Male Up DEG",0.438703515454329,0.000233484032296319,0.163392757988031,0.891747481973656
"ENSMUSG00000000184","Ccnd2",3807.0321709873,"Male Up DEG",0.137440410805233,0.0964986459814258,0.00244455853236494,1
"ENSMUSG00000000317","Bcl6b",386.243632063628,"Male Up DEG",0.268022623159183,0.00602833415986305,0.20118553559725,0.295737731529018
"ENSMUSG00000000365","Rnf17",40.6528530441806,"Male Up DEG",0.329983670903751,0.000416441906025767,0.10146222109334,1
"ENSMUSG00000000392","Fap",53.3611111181217,"Male Up DEG",0.332527528293497,0.0115730909448194,0.0356244440425129,1
"ENSMUSG00000000402","Egfl6",62.5650204533463,"Male Up DEG",0.258010585393525,0.0687015722753577,0.0145141428488609,1
"ENSMUSG00000000411","Tssk3",15.0925575556348,"Male Up DEG",0.203758887878129,0.0949235981243662,0.159586393283182,0.593459962872276
"ENSMUSG00000000901","Mmp11",147.525674994782,"Both",0.599524417026967,8.16868055578057e-09,0.309941004199928,0.0661992843646152
"ENSMUSG00000001260","Gabrg1",726.490198992862,"Male Up DEG",0.172776875555299,0.0532572453170168,0.11075745146611,0.848801406256887
"ENSMUSG00000001300","Efnb2",4056.4916571048,"Male Up DEG",0.276260958639634,0.000461757182073005,0.115300879555329,0.888804179063893
"ENSMUSG00000001507","Itga3",779.139649785213,"Male Up DEG",0.21988640401984,0.0107149450003084,0.132996307227834,0.686458562898944
"ENSMUSG00000001672","Marveld3",10.392974053939,"Male Up DEG",0.18763413025862,0.065160166176304,-0.00991750864800505,1
"ENSMUSG00000001786","Fbxo7",2394.38851296619,"Male Up DEG",0.14390534748344,0.025525763864094,0.0338100640666132,1
"ENSMUSG00000002771","Grin2d",3127.59582187283,"Both",0.280166465626492,4.22564328621912e-05,0.216066693271166,0.0186359433467081
"ENSMUSG00000002897","Il17ra",145.040553400389,"Male Up DEG",0.370771702015394,0.00180128456918528,-0.00844834488325234,1
"ENSMUSG00000003031","Cdkn1b",1768.8534328191,"Male Up DEG",0.229500663196446,0.00236713068808332,0.0681833383069809,1
"ENSMUSG00000003273","Car11",2481.40786723138,"Female Up DEG",0.102976341274075,0.227495318194237,0.169278028240698,0.0388643979197138
"ENSMUSG00000003559","As3mt",186.43878206947,"Male Up DEG",0.646473145484696,1.7206023549989e-11,0.202179769497328,0.582467387484967
"ENSMUSG00000003824","Syce2",431.569649328015,"Both",0.589332049149507,1.22857827574358e-13,0.317030923566594,0.00370214597745683
"ENSMUSG00000003974","Grm3",2167.49055322965,"Male Up DEG",0.162266891278564,0.0277653526526838,-0.018514485528541,1
"ENSMUSG00000004035","Gstm7",173.706119864663,"Male Up DEG",0.343333230642463,0.0033034572993147,0.0395177042539103,1
"ENSMUSG00000004098","Col5a3",88.3572429253006,"Male Up DEG",0.358053032851426,0.0025711896683602,0.177929331475685,0.851084036145188
"ENSMUSG00000004415","Col26a1",833.164389083231,"Male Up DEG",0.273336360385102,0.0050965069254946,0.22882305211928,0.137826072360622
"ENSMUSG00000004698","Hdac9",1676.3070521654,"Male Up DEG",0.147411096425327,0.0617818895001343,0.007742780716133,1
"ENSMUSG00000004891","Nes",1026.19364697323,"Male Up DEG",0.264257642629725,0.0354779217373673,0.034112377826466,1
"ENSMUSG00000004951","Hspb1",26.957255609128,"Male Up DEG",0.22577934147935,0.084661679753115,0.0396021413454932,1
"ENSMUSG00000005107","Slc2a9",54.6439687411346,"Male Up DEG",0.30707073296115,0.0182568687340873,0.21428015355573,0.593459962872276
"ENSMUSG00000005237","Dnah2",343.053823843953,"Male Up DEG",0.243727310243521,0.0934984630860921,0.153408020427959,0.964227476427563
"ENSMUSG00000005373","Mlxipl",40.183185828985,"Male Up DEG",0.394858757098523,0.00101801924689747,0.119340347653642,1
"ENSMUSG00000005533","Igf1r",2346.18043533048,"Male Up DEG",0.214609895634652,0.0663129893356848,0.0076741502479554,1
"ENSMUSG00000005553","Atp4a",112.314952859738,"Male Up DEG",0.362220409034794,0.00250866694667022,0.25477394540783,0.28433588088216
"ENSMUSG00000005686","Ampd3",576.330747733844,"Male Up DEG",0.206423452216586,0.0889719784203458,0.072452769722294,1
"ENSMUSG00000005886","Ncoa2",3368.59216687242,"Male Up DEG",0.121625470550159,0.0288570191754166,-0.0200807276966794,1
"ENSMUSG00000005892","Trh",151.147686439136,"Male Up DEG",0.364147036176848,0.00405099740908096,0.231784793888739,0.426554135422102
"ENSMUSG00000005973","Rcn1",1336.22782089623,"Female Up DEG",0.142921668655687,0.126709237047489,0.188628482233094,0.0826757752390065
"ENSMUSG00000006360","Crip1",37.5228261664019,"Male Up DEG",0.389296518203727,0.000756202390057576,0.2275817708894,0.410811053457272
"ENSMUSG00000006395","Hyi",245.082925976102,"Male Up DEG",0.355660730768517,0.00141541679652435,0.265137981928257,0.152199211612762
"ENSMUSG00000006586","Runx1t1",1836.71509556477,"Male Up DEG",0.287473280182442,0.000648156567601497,0.0213580519999609,1
"ENSMUSG00000006931","P3h4",323.159517343256,"Male Up DEG",0.277991693869287,0.0181757718063736,0.212462149612036,0.420571310754931
"ENSMUSG00000007888","Crlf1",525.623018201568,"Male Up DEG",0.293844489625087,0.02800250196407,0.219370458573806,0.530904837125686
"ENSMUSG00000007908","Hmgcll1",655.495106704334,"Male Up DEG",0.270657127757661,0.00228407070549404,0.0993249572225046,1
"ENSMUSG00000009628","Tex15",202.779876833918,"Male Up DEG",0.346782190533199,0.00402614554276471,0.210068650998217,0.603767713026477
"ENSMUSG00000009633","G0s2",52.8530635843907,"Male Up DEG",0.38059327516442,0.00212844190162216,0.202201379251116,0.515200109531896
"ENSMUSG00000010342","Tex14",77.6025200959776,"Both",1.62465451591702,4.28881214005711e-50,0.458223684275949,3.84880194017896e-06
"ENSMUSG00000010825","Grid2ip",105.47652520644,"Both",0.294639060856739,0.0271496104028891,0.32001348977217,0.0669215426648583
"ENSMUSG00000012017","Scarf2",465.434037994747,"Both",1.86613599350557,4.78085774853686e-107,1.06285199787735,3.68848275095672e-36
"ENSMUSG00000013766","Ly6g6e",35.3737775694992,"Male Up DEG",0.494067108047711,8.11009433269507e-06,0.173539180074203,0.665836662301575
"ENSMUSG00000014444","Piezo1",959.721363063453,"Both",0.464298466149585,3.3588392351828e-11,0.253215960309868,0.0115081111572045
"ENSMUSG00000014599","Csf1",316.044924235143,"Male Up DEG",0.250259355845569,0.0488778213112738,0.0823230866718456,1
"ENSMUSG00000014846","Tppp3",1434.51357276372,"Both",0.253372210267359,0.000158002621678533,0.233845691212241,0.00370214597745683
"ENSMUSG00000015134","Aldh1a3",146.727095619939,"Male Up DEG",0.329274077973868,0.00842577994225762,0.112730364697802,1
"ENSMUSG00000015396","Cd83",340.865780850299,"Male Up DEG",0.261897702027891,0.0164405925022087,0.177410391098136,0.600609220443246
"ENSMUSG00000015709","Arnt2",9829.90525864902,"Male Up DEG",0.199097963024196,0.00307754066507777,0.0724277640956574,1
"ENSMUSG00000015966","Il17rb",41.9137631571401,"Male Up DEG",0.51184363908854,2.47380476164595e-06,0.221113754099195,0.393754401202972
"ENSMUSG00000015970","Chdh",79.3781149541283,"Male Up DEG",0.476683118919015,9.33729068368807e-06,0.245825023541975,0.24108498199324
"ENSMUSG00000016256","Ctsz",724.319723950794,"Both",0.55944465498786,7.75657934278528e-18,0.265720601862514,0.00373251029120257
"ENSMUSG00000016262","Sertad4",1304.79717187002,"Male Up DEG",0.224632919386565,0.00214408274306944,0.08712784783534,1
"ENSMUSG00000017453","Pipox",41.2592488005977,"Male Up DEG",0.274052011664844,0.0359193310349309,0.0788768960140018,1
"ENSMUSG00000017493","Igfbp4",2065.59845638971,"Male Up DEG",0.204022127108812,0.0663129893356848,0.180771485110742,0.45507858470579
"ENSMUSG00000017817","Jph2",41.2874784392712,"Both",0.346015444203871,0.00919794207080172,0.343972943749372,0.00800552338166337
"ENSMUSG00000018126","Baiap2l2",263.520206242161,"Male Up DEG",0.329387833306347,0.00631857882538799,0.189577855839063,0.68453973896565
"ENSMUSG00000018451","6330403K07Rik",5159.41312881418,"Both",0.521259747985965,1.07028632956203e-11,0.310374922095897,0.00229206674390871
"ENSMUSG00000018589","Glra2",1837.98838752158,"Male Up DEG",0.258860459652013,0.0107970572856416,0.151098464937254,0.729105485534549
"ENSMUSG00000018819","Lsp1",111.840535408103,"Male Up DEG",0.552591520573217,6.82400337456762e-07,0.134852629031748,1
"ENSMUSG00000018862","Otop3",20.2083842323763,"Male Up DEG",0.286408497626653,0.0109353456364412,0.134456954683878,0.884478350591467
"ENSMUSG00000018893","Mb",7.9248602706244,"Male Up DEG",0.202889439035225,0.0142595379540367,0.0953576658021885,0.955775337252782
"ENSMUSG00000019027","Dnah1",172.498903464258,"Both",0.65505367095153,9.54720297485658e-11,0.321482517897397,0.0477976880244935
"ENSMUSG00000019066","Rab3d",1290.29709637493,"Male Up DEG",0.200679912797913,0.0111153119390471,0.0846774991906923,1
"ENSMUSG00000019122","Ccl9",30.2067007909557,"Male Up DEG",0.189238985604425,0.0937580953410562,0.056351074908227,1
"ENSMUSG00000019139","Isyna1",1577.62505365262,"Male Up DEG",0.197922166754621,0.0201092276845085,0.118175350441335,0.794390765089568
"ENSMUSG00000019467","Arhgef25",1644.16971957796,"Both",0.164309840155237,0.0152075325874563,0.188975528351276,0.0115081111572045
"ENSMUSG00000019785","Clvs2",743.420827203005,"Male Up DEG",0.172216821063767,0.0463736350741065,-0.0297474888387468,1
"ENSMUSG00000019846","Lama4",765.211591279126,"Male Up DEG",0.255464885916481,0.0120712850717723,0.0566599944660787,1
"ENSMUSG00000019851","Perp",169.690395189279,"Male Up DEG",0.27546359391816,0.0333166268595873,0.120419586707329,1
"ENSMUSG00000019872","Smpdl3a",531.28107675388,"Both",0.367995554098927,2.00626888203889e-07,0.252137580521926,0.00800552338166337
"ENSMUSG00000019888","Mgat4c",284.3500568937,"Male Up DEG",0.283242160001944,0.0116828120394115,0.106276568790026,1
"ENSMUSG00000019889","Ptprk",4603.26906788175,"Male Up DEG",0.184354713681285,0.0482835571004562,0.0324911587788726,1
"ENSMUSG00000019890","Nts",662.947033917419,"Male Up DEG",0.366518329110476,0.00125211525101334,0.11055620524913,1
"ENSMUSG00000020096","Tbata",132.167644931823,"Male Up DEG",0.403068694454274,0.000737792791242894,0.285254074051058,0.144766460843233
"ENSMUSG00000020098","Pcbd1",207.865715082682,"Both",0.782013149868826,1.10908700518413e-16,0.556211287193825,3.67454177316141e-08
"ENSMUSG00000020123","Avpr1a",164.123169129188,"Male Up DEG",0.311322370598236,0.0110989698145852,0.0835729624091436,1
"ENSMUSG00000020189","Osbpl8",2553.43320129758,"Male Up DEG",0.172754875316117,0.012886333435575,0.000931542891758381,1
"ENSMUSG00000020216","Jsrp1",25.3811408401469,"Both",0.296456632672352,0.00609687833883701,0.242046438118506,0.00015476366889572
"ENSMUSG00000020253","Ppm1m",609.005982711589,"Male Up DEG",0.232447375980246,0.0399751504684964,0.120007587034619,1
"ENSMUSG00000020256","Aldh1l2",705.399593853652,"Male Up DEG",0.258839432306791,0.0478314513511887,0.035080550178779,1
"ENSMUSG00000020299","4930524B15Rik",14.1175605501627,"Male Up DEG",0.277164372929731,0.000355651686544903,0.0962349051791744,0.640004953063522
"ENSMUSG00000020538","Srebf1",1243.86463541447,"Male Up DEG",0.174496359693565,0.0320070881261936,0.023279103444841,1
"ENSMUSG00000020546","Stxbp4",619.157501552867,"Male Up DEG",0.255980023841863,0.0120907162628727,-0.00931372812629739,1
"ENSMUSG00000020561","Twistnb",332.937077424719,"Male Up DEG",0.204536479646156,0.0905901501900281,-0.071496736596248,1
"ENSMUSG00000020566","Atp6v1c2",53.8769788518359,"Male Up DEG",0.262148861837631,0.0488778213112738,0.0406170303010191,1
"ENSMUSG00000020658","Efr3b",6205.05356842281,"Male Up DEG",0.129754863675906,0.00283115038866211,0.0335621191117101,1
"ENSMUSG00000020681","Ace",405.082269151973,"Male Up DEG",0.329394200696411,0.000482991498540842,0.188945564741527,0.461475491202217
"ENSMUSG00000020846","Rflnb",1377.98109490214,"Both",0.297397520864232,3.98321762683516e-07,0.186141533004224,0.0392933107226916
"ENSMUSG00000020890","Gucy2e",86.6654258701855,"Both",0.291290675009425,0.0327391620992521,0.399244467833886,0.00328172248298116
"ENSMUSG00000020892","Aloxe3",304.220096828986,"Male Up DEG",0.306997664176922,0.00353021423416487,0.133077924167435,0.964056810132182
"ENSMUSG00000020937","Plcd3",552.356821175657,"Male Up DEG",0.397100579974242,5.02821881302134e-06,0.00757536222342065,1
"ENSMUSG00000020940","1700023F06Rik",72.7041895212717,"Male Up DEG",0.274078924518103,0.0525336970700897,-0.00617837469124568,1
"ENSMUSG00000020963","Tshr",243.195142452721,"Male Up DEG",0.372033995894757,0.000917639673070517,0.176874504583824,0.764461454518404
"ENSMUSG00000021098","4930447C04Rik",149.029361283441,"Male Up DEG",0.215014263957815,0.0368538996922256,0.161150631269808,0.755956913546746
"ENSMUSG00000021125","Arg2",127.731351454099,"Male Up DEG",0.245762465564226,0.0955882777771217,0.0575107278325083,1
"ENSMUSG00000021136","Smoc1",577.127623644134,"Male Up DEG",0.225977759726357,0.0254050888724467,0.0593584871375289,1
"ENSMUSG00000021185","Dglucy",112.29782397639,"Male Up DEG",0.369787649302431,0.00287086707270262,0.178376910461367,0.806009451837128
"ENSMUSG00000021278","Amn",628.698744888968,"Both",0.925846267371579,2.81256141311397e-25,0.58810480393757,8.6702485187701e-10
"ENSMUSG00000021396","Nxnl2",66.5733676833814,"Male Up DEG",0.248655837148887,0.0934984630860921,0.116958840039051,1
"ENSMUSG00000021464","Ror2",99.7956372570939,"Male Up DEG",0.336468305831345,0.00976366536813451,0.093697513987033,1
"ENSMUSG00000021488","Nsd1",5765.10292846921,"Male Up DEG",0.113855156349852,0.0328219328404765,-0.00685621526582234,1
"ENSMUSG00000021550","2210016F16Rik",285.00232156602,"Male Up DEG",0.309076956057863,0.0033034572993147,0.0991645683576647,1
"ENSMUSG00000021567","Nkd2",617.484450011089,"Male Up DEG",0.351578173946361,0.000416089670667887,0.0733751191442803,1
"ENSMUSG00000021694","Ercc8",524.386022996219,"Male Up DEG",0.222322476811628,0.0157139219596701,-0.0130487226392024,1
"ENSMUSG00000021758","Ddx4",48.7615645998277,"Male Up DEG",0.33704810153788,0.00661793019298872,0.0286959399535391,1
"ENSMUSG00000021765","Fst",85.1092562883895,"Male Up DEG",0.240782113703042,0.0936550536433667,0.0989082974434398,1
"ENSMUSG00000021803","Cdhr1",554.477984523669,"Male Up DEG",0.316838436342063,0.00938978223756297,0.133596303139803,1
"ENSMUSG00000021903","Galnt15",69.3009785893545,"Male Up DEG",0.297997366413741,0.0238061009513681,0.172623225198764,0.883446154402907
"ENSMUSG00000021948","Prkcd",761.525703536619,"Male Up DEG",0.392342128888283,9.20621382018253e-05,0.196923475667271,0.530904837125686
"ENSMUSG00000022021","Diaph3",159.237719963555,"Male Up DEG",0.265378158516205,0.0462187795185378,0.093011710555311,1
"ENSMUSG00000022026","Olfm4",63.6499486547531,"Male Up DEG",0.420462340346329,0.000333256756642257,0.147472849494731,1
"ENSMUSG00000022096","Hr",1081.42054495235,"Male Up DEG",0.381662880843415,8.46174473564811e-06,0.096519370102724,1
"ENSMUSG00000022203","Efs",484.567775332374,"Both",0.610764212151006,8.86523019631099e-13,0.281170149882791,0.0434750414419014
"ENSMUSG00000022262","Dnah5",355.019832840818,"Male Up DEG",0.259030029750869,0.0491113432617987,0.0323371787129136,1
"ENSMUSG00000022306","Zfpm2",843.725614548801,"Male Up DEG",0.183733510968673,0.046087313849163,-0.0374133850786687,1
"ENSMUSG00000022335","Zfat",230.737928851474,"Male Up DEG",0.221982402619793,0.0959971078336785,-0.0250234718667759,1
"ENSMUSG00000022438","Parvb",1110.33610618957,"Both",0.568800605955046,2.53466618527989e-23,0.303610040221969,1.55571854695142e-05
"ENSMUSG00000022440","C1qtnf6",637.242384612939,"Both",0.55531249923846,2.2603746904262e-10,0.312644000627938,0.0118425913100831
"ENSMUSG00000022462","Slc38a2",3935.9794879937,"Male Up DEG",0.131093122580418,0.0460030726530714,0.00197631638815242,1
"ENSMUSG00000022656","Nectin3",1511.83090244644,"Male Up DEG",0.153178143794982,0.0814504850191629,-0.0302769136926618,1
"ENSMUSG00000022708","Zbtb20",3761.42061387875,"Male Up DEG",0.228820972718454,0.0132124780918164,0.0746210333976726,1
"ENSMUSG00000022773","Ypel1",1953.25178320896,"Male Up DEG",0.194667557261933,0.00024039980967203,0.0559772968176441,1
"ENSMUSG00000022780","Meltf",28.4358522131399,"Male Up DEG",0.249667700546796,0.0359535961616336,0.101063717509929,1
"ENSMUSG00000022883","Robo1",3972.75007371026,"Male Up DEG",0.243871871712235,0.00182573976241095,0.0933334266158285,1
"ENSMUSG00000022887","Masp1",800.440133567591,"Male Up DEG",0.249683313009887,0.0157139219596701,0.0366565860546009,1
"ENSMUSG00000023067","Cdkn1a",1059.98015338244,"Male Up DEG",0.369055811732187,0.000160391064821162,0.197033619502938,0.481381323324155
"ENSMUSG00000023367","Tmem176a",176.936275181565,"Male Up DEG",0.245562033279754,0.0734343424487999,0.154026734575903,0.923436115320164
"ENSMUSG00000023411","Nfatc4",176.189638487055,"Male Up DEG",0.257785635783108,0.0814247429140571,0.267096806226259,0.238381252294358
"ENSMUSG00000023484","Prph",173.991189647292,"Male Up DEG",0.471260151217081,3.26550848361861e-05,0.185804491496518,0.743462407504516
"ENSMUSG00000023942","Slc29a1",730.249331888412,"Both",0.617633314544092,3.18432623836087e-15,0.323271897784426,0.00236474129167627
"ENSMUSG00000023982","Guca1a",6.61028921482528,"Male Up DEG",0.235444429257064,0.0033034572993147,0.0690546135409128,1
"ENSMUSG00000023995","Tspo2",6.53873171931729,"Male Up DEG",0.166106682206073,0.00854709111231172,0.106953448499153,0.317541602145437
"ENSMUSG00000024008","Cpne5",2233.93907521935,"Male Up DEG",0.161010594991012,0.071469180024914,0.0936621386574405,0.981086452899915
"ENSMUSG00000024011","Pi16",54.6252303736558,"Male Up DEG",0.615351813377592,2.1339327222613e-08,0.212813308900652,0.495062882014906
"ENSMUSG00000024013","Fgd2",194.818658917132,"Male Up DEG",0.290731869776143,0.0349737489330589,-0.0196702681845428,1
"ENSMUSG00000024036","Slc37a1",190.201161916766,"Male Up DEG",0.283273343216246,0.0407304206113772,0.115940807086117,1
"ENSMUSG00000024114","Prss41",45.5481886189622,"Male Up DEG",0.26003479926043,0.00587852963912953,0.0485201792905623,1
"ENSMUSG00000024241","Sos1",2420.55158355547,"Male Up DEG",0.148915102615184,0.0153152470812655,-0.0266151721473178,1
"ENSMUSG00000024266","Adad2",10.0273131184149,"Male Up DEG",0.237831254401964,0.00629854516576629,0.0190712617458556,1
"ENSMUSG00000024293","Esco1",551.20359715599,"Male Up DEG",0.304622401798796,0.0194866789765078,-0.0425547293722323,1
"ENSMUSG00000024395","Lims2",198.922441138645,"Male Up DEG",0.301193161443106,0.0252543273586089,0.195567209982892,0.705533554785741
"ENSMUSG00000024552","Slc14a2",87.9103768392462,"Male Up DEG",0.241190999657948,0.0967191295741411,-0.071263545572028,1
"ENSMUSG00000024593","Megf10",346.047128774429,"Male Up DEG",0.316106371942221,0.00236510739764051,-0.0126170457173246,1
"ENSMUSG00000024597","Slc12a2",1329.26989210986,"Male Up DEG",0.128924968724326,0.0725734289813287,-0.0525921144410407,1
"ENSMUSG00000024883","Rin1",228.184334536511,"Both",0.53147629072357,4.37128137965327e-07,0.369957437084724,0.00489037970941328
"ENSMUSG00000024907","Gal",42.9757296181599,"Male Up DEG",0.372516683343979,0.00214322816034339,0.255304055672564,0.160841927985252
"ENSMUSG00000025038","Efhc2",71.7165133426157,"Male Up DEG",0.300914798632852,0.0280682724536732,0.106744003149102,1
"ENSMUSG00000025081","Tdrd1",147.648362444157,"Both",0.385353421245507,0.00190146958801017,0.313566670953009,0.0382886333081634
"ENSMUSG00000025104","Hdgfl3",4816.10394537066,"Male Up DEG",0.131200868643904,0.0460360804422206,0.0256240338311895,1
"ENSMUSG00000025579","Gaa",5118.88986663796,"Both",0.530864409571126,5.7827683903799e-15,0.316711058455833,0.000163868975706607
"ENSMUSG00000025586","Cpeb1",316.545929756344,"Male Up DEG",0.60940021560213,1.98491748138933e-10,0.253872618147163,0.229722540414528
"ENSMUSG00000025592","Dach2",190.105944185601,"Male Up DEG",0.612384530323192,9.4262400188241e-10,0.180240324423529,0.792416949767042
"ENSMUSG00000025608","Podxl",774.502926357334,"Male Up DEG",0.198581835309077,0.0288613717468404,0.0456659421844451,1
"ENSMUSG00000025626","Phf6",1229.55926633638,"Male Up DEG",0.206640078879299,0.0316730895924353,-0.0388929458165174,1
"ENSMUSG00000025665","Rps6ka6",551.034165454252,"Male Up DEG",0.232815442710841,0.0663129893356848,0.0263896216492293,1
"ENSMUSG00000025812","Pard3",587.941156037732,"Male Up DEG",0.215997705463749,0.0358468286519657,0.0439570550575833,1
"ENSMUSG00000026062","Slc9a2",108.405771240958,"Male Up DEG",0.278807113916533,0.0491113432617987,-0.00512817545615946,1
"ENSMUSG00000026117","Zap70",82.2919229086748,"Male Up DEG",0.407529514130298,0.000716008724970472,0.116471602754796,1
"ENSMUSG00000026177","Slc11a1",39.0302608601488,"Male Up DEG",0.269776867085197,0.0328273365746454,0.112831909076099,1
"ENSMUSG00000026247","Ecel1",262.567957789502,"Both",0.472340914483111,4.17130267251667e-05,0.31325938705494,0.0512779641672072
"ENSMUSG00000026425","Srgap2",6926.72791247201,"Male Up DEG",0.144495862190928,0.0634108282050726,0.0185512622885587,1
"ENSMUSG00000026655","Fam107b",578.535619659712,"Male Up DEG",0.327496677536635,7.42646235279722e-05,0.0412055402602938,1
"ENSMUSG00000026664","Phyh",1027.45367828143,"Both",0.475350108058835,1.03697645581493e-13,0.310232597323183,6.33659158076383e-05
"ENSMUSG00000026922","Agpat2",48.5366193242626,"Male Up DEG",0.449517404956765,7.42646235279722e-05,0.210674822479702,0.501715307102241
"ENSMUSG00000026950","Neb",292.021572724887,"Male Up DEG",0.385726475982278,6.79955796429308e-05,0.0433338803536779,1
"ENSMUSG00000027015","Cybrd1",550.963830700827,"Male Up DEG",0.190629004081407,0.0897402334661205,0.00831589630109911,1
"ENSMUSG00000027078","Ube2l6",130.849207602316,"Male Up DEG",0.254106130174801,0.0814504850191629,0.174198828462872,0.82339486624432
"ENSMUSG00000027175","Tcp11l1",1313.24407119249,"Male Up DEG",0.256765508147877,0.0709364324023941,-0.0965884235506424,1
"ENSMUSG00000027224","Duoxa1",30.1959330763939,"Male Up DEG",0.248315392381072,0.0369084280242544,0.211774924199415,0.317541602145437
"ENSMUSG00000027239","Mdk",331.223931789454,"Female Up DEG",0.115939531534565,0.546110044919849,0.3050569026837,0.0281337314661263
"ENSMUSG00000027297","Ltk",144.802667329639,"Male Up DEG",0.635195491613791,1.16574933562955e-10,0.279771954894288,0.155134732914454
"ENSMUSG00000027318","Adam33",29.4457613393138,"Male Up DEG",0.216587268473138,0.0878003795825242,0.191451146622836,0.410038487270527
"ENSMUSG00000027368","Dusp2",151.377774320143,"Male Up DEG",0.276551825260253,0.0378950592669075,0.283112642059348,0.1270302373781
"ENSMUSG00000027408","Cpxm1",543.18939603463,"Both",0.293497763002326,9.73507399941111e-05,0.242144236584973,0.0137551410572576
"ENSMUSG00000027420","Bfsp1",94.9713905864496,"Male Up DEG",0.442666007589212,0.00012696159538213,0.114234660872626,1
"ENSMUSG00000027520","Zdbf2",1284.90090239455,"Male Up DEG",0.263968107966844,0.00104982563218122,0.10536168739026,0.964227476427563
"ENSMUSG00000027570","Col9a3",1140.81462021743,"Both",0.533393787853924,1.36689038243072e-09,0.441448556055286,9.02346941549826e-06
"ENSMUSG00000027788","Otol1",13.2788604069532,"Both",0.586871565320229,1.98928900121148e-08,0.202771888607202,0.000570513172291222
"ENSMUSG00000027907","S100a11",186.70695057081,"Male Up DEG",0.339510422609482,0.00802360830336461,0.258716284097606,0.258573677078939
"ENSMUSG00000027932","Slc27a3",750.651376191008,"Male Up DEG",0.253525308372725,0.0128044368841963,0.226083693265465,0.152199211612762
"ENSMUSG00000027978","Prss12",956.350726651639,"Male Up DEG",0.211730238156706,0.00771285695713349,0.161037474698683,0.307564250503205
"ENSMUSG00000028013","Ppa2",719.62654099969,"Male Up DEG",0.190004320608139,0.0255121900708038,0.180787685198812,0.165780879336331
"ENSMUSG00000028133","Rwdd3",172.97951165506,"Male Up DEG",0.310848100010256,0.00986047152340202,0.160630317256826,0.880826652393255
"ENSMUSG00000028167","Bdh2",7.7546771005374,"Male Up DEG",0.138137573600144,0.0918076059836653,0.0326432075652172,1
"ENSMUSG00000028194","Ddah1",5494.32280874933,"Male Up DEG",0.132936042151096,0.00353021423416487,0.0544057143718358,1
"ENSMUSG00000028226","Mmp16",1400.78080596946,"Male Up DEG",0.20596437087396,0.0407211457289661,0.0845035856948458,1
"ENSMUSG00000028289","Epha7",2734.40223497062,"Male Up DEG",0.209345585001862,0.000580767295730841,0.0428830846902166,1
"ENSMUSG00000028399","Ptprd",9401.06816154497,"Male Up DEG",0.104817604178184,0.0709364324023941,0.0342448624793219,1
"ENSMUSG00000028464","Tpm2",66.1055575184378,"Male Up DEG",0.50784059862228,4.37801760586592e-06,-0.010768402688717,1
"ENSMUSG00000028469","Npr2",1064.44284638916,"Male Up DEG",0.355345141142778,0.000207160408652091,0.114534098982799,1
"ENSMUSG00000028475","Spaar",21.8999707040609,"Both",0.261286348336237,0.0455804109443723,0.26792476022924,0.00261664722856291
"ENSMUSG00000028583","Pdpn",194.052545138393,"Male Up DEG",0.270116225226806,0.0351568251854953,-0.0968845171662975,1
"ENSMUSG00000028610","Dmrtb1",152.695041878845,"Male Up DEG",0.266020505637068,0.073056873769564,0.191564921068219,0.695437322994783
"ENSMUSG00000028626","Col9a2",535.855790099085,"Both",0.805132362301174,8.81578791570708e-27,0.593167607736148,2.02718774896525e-13
"ENSMUSG00000028631","Kcnq4",896.302137874589,"Both",0.553702472320986,3.93342665163509e-15,0.28162320084193,0.00406696582602872
"ENSMUSG00000028654","Mycl",2105.40592674448,"Male Up DEG",0.164682561925951,0.0462187795185378,-0.05333886468664,1
"ENSMUSG00000028691","Prdx1",2629.73104848021,"Male Up DEG",0.139343876873029,0.0532572453170168,0.00977618668878316,1
"ENSMUSG00000028836","Slc30a2",70.0670658830712,"Both",0.669805710090223,2.15123850849947e-10,0.409062305722936,0.00015476366889572
"ENSMUSG00000028845","Tekt2",62.8224799342658,"Both",0.712367031435491,6.56423003838363e-13,0.288225548722175,0.0368069802407029
"ENSMUSG00000028876","Epha10",684.331322437414,"Male Up DEG",0.230537866936831,0.0345441231093691,0.0965236845338532,1
"ENSMUSG00000028919","Arhgef19",98.5852573481833,"Female Up DEG",0.0879135983233002,0.739432511874773,0.346249318257928,0.0205217622026275
"ENSMUSG00000029134","Plb1",239.864283851881,"Both",1.1915902720343,4.86312765801713e-36,0.700232583828098,6.56210081442134e-13
"ENSMUSG00000029219","Slc10a4",272.908203416044,"Both",0.981817314958147,1.93347634644008e-28,0.562115268989406,8.88714353195365e-09
"ENSMUSG00000029245","Epha5",7568.10318392852,"Male Up DEG",0.166143924071456,0.00520816546746315,0.0984849710879211,0.640004953063522
"ENSMUSG00000029335","Bmp3",609.920348240164,"Male Up DEG",0.212373183954948,0.0506836716503837,0.118416124810623,0.967966597256723
"ENSMUSG00000029343","Crybb1",108.020749311457,"Both",0.339950705631063,0.00894474846261445,0.315032076398362,0.062594539840612
"ENSMUSG00000029369","Afm",7.86140389088269,"Male Up DEG",0.104748083810146,0.083489477311172,0.0981258701582407,0.838249436628029
"ENSMUSG00000029423","Piwil1",41.804084703616,"Male Up DEG",0.29433898598205,0.0276568604469175,0.196034706060097,0.611713092531922
"ENSMUSG00000029455","Aldh2",1502.64945186467,"Male Up DEG",0.220336884775641,0.00182892358597865,0.143379546863658,0.400434108013527
"ENSMUSG00000029503","P2rx2",281.46927026454,"Both",0.82222230667819,4.29481907698699e-17,0.410292072041952,0.00109173007882986
"ENSMUSG00000029622","Arpc1b",446.513088931972,"Male Up DEG",0.29022202515594,0.00382129659770506,0.238693297403551,0.136003047522162
"ENSMUSG00000029658","Wdr95",73.3806577764123,"Both",0.863581864945313,3.46656489498783e-18,0.365636299497296,0.00484019419731416
"ENSMUSG00000029659","Medag",48.8709947643806,"Male Up DEG",0.492600728976837,5.60826265689197e-05,0.00954157334774947,1
"ENSMUSG00000029695","Aass",26.2864445359397,"Male Up DEG",0.238120364558028,0.0615015869897956,0.0580442490657127,1
"ENSMUSG00000029699","Ssc4d",63.4721776401963,"Male Up DEG",0.275326154617928,0.0605796711290634,0.239995939892076,0.393754401202972
"ENSMUSG00000029716","Tfr2",468.093120772765,"Male Up DEG",0.531051339864171,7.50559449090727e-10,0.190900999053314,0.515200109531896
"ENSMUSG00000029810","Tmem176b",493.874743755517,"Male Up DEG",0.306973224610338,0.000801299217765927,0.0887000165133642,1
"ENSMUSG00000030096","Slc6a6",7028.03307543254,"Male Up DEG",0.0905598139976419,0.0432087324046219,0.0363751431782222,1
"ENSMUSG00000030111","A2m",178.97355260547,"Male Up DEG",0.250333661336162,0.0861843886288105,0.12449266947298,1
"ENSMUSG00000030226","Lmo3",5463.8872041935,"Male Up DEG",0.170391467958634,0.00375401202550918,0.0714960878100111,0.99207700098098
"ENSMUSG00000030255","Sspn",230.892685413414,"Male Up DEG",0.253402116911977,0.065624344271323,0.102359567841303,1
"ENSMUSG00000030272","Camk1",1947.41996901904,"Both",0.129893076200859,0.0913266912197302,0.166455094529704,0.054959604746455
"ENSMUSG00000030339","Ltbr",242.694722862685,"Male Up DEG",0.30977611225224,0.00564623576018488,0.131293214040237,1
"ENSMUSG00000030340","Scnn1a",144.283372809958,"Male Up DEG",0.261182693268551,0.0662091602056132,0.0277601813069861,1
"ENSMUSG00000030406","Gipr",472.776497846594,"Male Up DEG",0.214329492174405,0.0646525831784806,0.143451079133236,0.955065682994427
"ENSMUSG00000030431","Tmem238",224.19197176343,"Male Up DEG",0.302747475830684,0.00873540254415714,0.04441757856188,1
"ENSMUSG00000030544","Mesp1",8.97985934918503,"Male Up DEG",0.168142155424345,0.0683874367900264,0.0723936919140107,0.996046779226018
"ENSMUSG00000030549","Rhcg",71.8241651079898,"Both",0.295276928442808,0.0230886994041175,0.305367630890705,0.0703405581595839
"ENSMUSG00000030592","Ryr1",739.600689097824,"Male Up DEG",0.348272703040026,0.00406661173883066,0.155258975639418,0.967966597256723
"ENSMUSG00000030598","Fbxo17",80.5413110464356,"Male Up DEG",0.410805486608952,0.000761520456217236,0.228085357175611,0.457116897654541
"ENSMUSG00000030606","Hapln3",149.385561100982,"Male Up DEG",0.636224871587874,8.66888109239617e-10,0.285927730710226,0.136003047522162
"ENSMUSG00000030630","Fah",400.331755117663,"Male Up DEG",0.243907583344657,0.0314723944986753,0.153849954011503,0.782493013783798
"ENSMUSG00000030792","Dkkl1",381.328611893429,"Male Up DEG",0.492648702765665,1.60312212407051e-07,0.224409085458489,0.333594484730238
"ENSMUSG00000030800","Prss8",28.4078920144084,"Male Up DEG",0.280622094734692,0.0123781334819424,0.0347022201760686,1
"ENSMUSG00000030862","Cpxm2",122.799268067335,"Male Up DEG",0.402957095492272,0.000425846115455434,0.20809631205277,0.574332365657899
"ENSMUSG00000031026","Trim66",441.507047753349,"Male Up DEG",0.421944045113865,4.90880091743397e-05,0.195842382567839,0.594038466209202
"ENSMUSG00000031027","Stk33",69.4716275271949,"Both",0.43505070333328,0.000353805856850033,0.325648251083574,0.0281337314661263
"ENSMUSG00000031093","Dock11",530.292626667095,"Male Up DEG",0.235035462010063,0.0123449083927424,-0.00388806358118708,1
"ENSMUSG00000031189","Aff2",712.103296375166,"Male Up DEG",0.221575442983068,0.025525763864094,0.0691181961041614,1
"ENSMUSG00000031298","Adgrg2",207.280962523089,"Male Up DEG",0.381733839721486,0.000956193198267771,0.153304480919474,0.948396980544233
"ENSMUSG00000031392","Irak1",920.71545458423,"Male Up DEG",0.243754353944947,0.00739518341665285,0.152716183863911,0.603767713026477
"ENSMUSG00000031393","Mecp2",5303.23892186388,"Male Up DEG",0.113808073581652,0.0823450349361042,0.0214078580564849,1
"ENSMUSG00000031548","Sfrp1",945.50181494083,"Male Up DEG",0.365517225781816,0.00055759332471385,0.0516753567437039,1
"ENSMUSG00000031592","Pcm1",3418.80408242574,"Male Up DEG",0.160693576701587,0.0125130524771649,0.0451785803072435,1
"ENSMUSG00000031642","Sh3rf1",1847.19890824171,"Male Up DEG",0.164706277606341,0.00591502405865737,0.056109245019101,1
"ENSMUSG00000031659","Adcy7",723.582684069886,"Both",0.534421408468396,1.04188829555669e-13,0.386690950265201,3.23720886390411e-06
"ENSMUSG00000031740","Mmp2",182.447312338205,"Male Up DEG",0.294504723222815,0.0237243956884902,0.0334395683533191,1
"ENSMUSG00000031785","Adgrg1",4401.94413439811,"Both",0.380859183156312,1.11328208118411e-19,0.144520224221443,0.0411906465836435
"ENSMUSG00000031842","Pde4c",17.210782372302,"Male Up DEG",0.159550971665822,0.083489477311172,0.0908365346907315,1
"ENSMUSG00000031952","Chst5",44.7646516151281,"Male Up DEG",0.544725786098507,5.43880410093814e-07,0.167745018843182,0.743367328278268
"ENSMUSG00000031972","Acta1",259.035383055954,"Both",0.906021199024188,3.35183700081728e-23,0.507653336909912,1.16442232599517e-06
"ENSMUSG00000032076","Cadm1",7512.74232854262,"Male Up DEG",0.129828997454471,0.0563875252823002,0.0204182054844974,1
"ENSMUSG00000032269","Htr3a",95.5449151327152,"Male Up DEG",0.295824689267629,0.0385403363797889,0.0153330591801167,1
"ENSMUSG00000032303","Chrna3",249.845803402517,"Both",0.437539001534965,3.62688473546547e-05,0.300513217763468,0.0621542787905819
"ENSMUSG00000032334","Loxl1",157.154030583803,"Male Up DEG",0.414776002067419,0.000481851618640845,0.207202884483036,0.614893976787725
"ENSMUSG00000032491","Nradd",87.6715975117839,"Both",0.621448682935175,1.55585330498829e-09,0.324441812879138,0.0160837608536752
"ENSMUSG00000032492","Pth1r",326.724425885252,"Male Up DEG",0.389455732716865,0.000203060528389207,0.266594778955122,0.13936461046073
"ENSMUSG00000032531","Amotl2",978.841538725397,"Male Up DEG",0.187439384148207,0.0889275870398887,-0.00877188003925863,1
"ENSMUSG00000032547","Ryk",935.734607528211,"Male Up DEG",0.226062036909346,0.0248268857229553,-0.0335282056702083,1
"ENSMUSG00000032657","Fam189b",1555.63015442582,"Male Up DEG",0.227366757263621,0.00427302037483548,0.140593196730007,0.560018692090491
"ENSMUSG00000032740","Ccdc88a",5442.93474475443,"Male Up DEG",0.123690603210553,0.0687015722753577,-0.0298060266994268,1
"ENSMUSG00000032899","Styk1",122.075143143114,"Male Up DEG",0.304581772750962,0.0218517086926769,0.161318307490745,0.931626586286778
"ENSMUSG00000033004","Mycbp2",12064.7951485374,"Male Up DEG",0.11954858369571,0.0662812792524695,0.0205268722152269,1
"ENSMUSG00000033075","Senp1",571.25532921281,"Male Up DEG",0.185082028212158,0.0902486842866647,0.0281568133757827,1
"ENSMUSG00000033170","Card10",207.058058503226,"Male Up DEG",0.278770025264219,0.0457787781413607,0.201829550326385,0.640004953063522
"ENSMUSG00000033249","Hsf4",23.7503522437421,"Male Up DEG",0.364007896485729,0.000494158490418768,0.151693417688886,0.780042153236156
"ENSMUSG00000033268","Duox1",41.1858241834898,"Male Up DEG",0.309816067370704,0.0125130524771649,0.208996679252158,0.522687821891256
"ENSMUSG00000033327","Tnxb",457.159311710551,"Both",1.4594115505133,1.50313948039506e-54,0.631058611562323,3.84777492334454e-10
"ENSMUSG00000033361","Prrg3",1446.33127278175,"Male Up DEG",0.258306107419032,8.39862935464237e-05,0.109198710866182,0.762286591119562
"ENSMUSG00000033585","Ndn",7971.00258400168,"Both",0.151017607430414,0.0814911492506785,0.230154561096025,0.00415167788005959
"ENSMUSG00000033671","Cep350",1877.85892461666,"Male Up DEG",0.231946958879661,0.000318387193038078,0.00671261136724454,1
"ENSMUSG00000033685","Ucp2",627.3368107415,"Male Up DEG",0.401695508543201,2.50867710612894e-08,0.168048906930896,0.414041868866755
"ENSMUSG00000033721","Vav3",130.700724417452,"Male Up DEG",0.327158132565272,0.00805029562276595,0.124787083172304,1
"ENSMUSG00000033722","BC034090",168.451778054665,"Male Up DEG",0.506729629537498,4.06198680000866e-06,0.288482931887442,0.136003047522162
"ENSMUSG00000033799","Fam208b",1028.21542199062,"Male Up DEG",0.193040776362864,0.090371254779156,0.0344098509267399,1
"ENSMUSG00000033910","Gucy1a1",4769.811561078,"Male Up DEG",0.163141636050956,0.0823450349361042,0.0315480829439546,1
"ENSMUSG00000033964","Zbtb41",1619.40088811459,"Male Up DEG",0.236389770202992,0.00194780822733891,0.0127036721286184,1
"ENSMUSG00000033965","Slc16a2",3378.40308212893,"Male Up DEG",0.129924515612631,0.0488778213112738,0.0128437136303933,1
"ENSMUSG00000034226","Rhov",498.99196777385,"Female Up DEG",0.0205150108704498,0.936158028676652,0.219601947142279,0.097671548740952
"ENSMUSG00000034255","Arhgap27",319.773751428716,"Both",0.846374014500086,1.23713976592511e-18,0.369587682527965,0.00426865934759719
"ENSMUSG00000034282","Evpl",176.798189482535,"Male Up DEG",0.406970215788104,0.000711722706086821,0.276545843015121,0.173847755616376
"ENSMUSG00000034297","Med13",2892.25566800164,"Male Up DEG",0.149123201528601,0.070773110402778,-0.0711457305431871,1
"ENSMUSG00000034449","Dhrs11",124.309398897676,"Male Up DEG",0.272317033453593,0.0497807298268373,0.127093779761148,1
"ENSMUSG00000034463","Scara3",495.589644748212,"Male Up DEG",0.462197922035487,1.60499755263997e-09,0.223301251276391,0.118911141636141
"ENSMUSG00000034687","Fras1",1097.76757955035,"Male Up DEG",0.186903103708088,0.0193405619586179,0.0794278041907106,1
"ENSMUSG00000034751","Mast4",1716.70193119446,"Male Up DEG",0.1807919080956,0.0157644117311435,0.067852807126502,1
"ENSMUSG00000034755","Pcdh11x",2039.02262182805,"Male Up DEG",0.213583211072952,0.0402417746630805,0.0269689785657046,1
"ENSMUSG00000034768","Asb16",49.2104437407237,"Male Up DEG",0.356215077954035,0.00556801743873791,0.0356908499405733,1
"ENSMUSG00000034837","Gnat1",19.9472755113441,"Male Up DEG",0.226389212173819,0.0703864600981658,0.128591242168616,0.921458345988164
"ENSMUSG00000034919","Ttc22",69.0674774034459,"Male Up DEG",0.298155889428778,0.0333551633092143,0.0883808193780261,1
"ENSMUSG00000035112","Wnk4",108.53247770985,"Male Up DEG",0.397837701980735,0.000181984298351139,0.251696903427156,0.247317758245152
"ENSMUSG00000035262","Amh",34.398383336504,"Male Up DEG",0.402378854084147,0.000353805856850033,0.0290021976524535,1
"ENSMUSG00000035298","Klhl35",69.4353954600936,"Male Up DEG",0.630061338953982,4.55410442602343e-10,0.239330440853183,0.310097285520576
"ENSMUSG00000035498","Cdcp1",19.3002121198814,"Male Up DEG",0.376849840060255,0.000405866222519155,0.0151666282210486,1
"ENSMUSG00000035506","Slc12a8",56.7922691984549,"Male Up DEG",0.471500798978892,1.54580604558827e-05,0.0115729195795131,1
"ENSMUSG00000035606","Ky",170.745621771162,"Male Up DEG",0.663537446942145,6.50008633521222e-12,0.268699872099467,0.170211456867728
"ENSMUSG00000035623","Rsf1",1877.68645163641,"Male Up DEG",0.152711850336311,0.0106841890840061,-0.0634256933853736,1
"ENSMUSG00000035686","Thrsp",117.08510492986,"Male Up DEG",0.323987366844787,0.012886333435575,0.0761461086391828,1
"ENSMUSG00000035694","Caps2",39.5209806790544,"Male Up DEG",0.215135694094072,0.0791721629905684,0.215876396780113,0.338761090303699
"ENSMUSG00000035914","Cd276",1263.90244299174,"Male Up DEG",0.219688612340307,0.00121471760406817,0.0805746053592691,1
"ENSMUSG00000036061","Smug1",673.904374013484,"Both",0.393411690952865,6.25424639429217e-07,0.235568026922116,0.0664986987683404
"ENSMUSG00000036295","Lrrn3",2861.62006480566,"Male Up DEG",0.183059119955225,0.0104701156210138,0.0693472201992839,1
"ENSMUSG00000036437","Npy1r",739.381051875809,"Male Up DEG",0.201580654473127,0.0101120289108424,0.165768852393143,0.238521490617809
"ENSMUSG00000036492","Rnf39",86.9950733023094,"Male Up DEG",0.343900976312226,0.00771401194618503,0.129974598985485,1
"ENSMUSG00000036510","Cdh8",2983.09450679373,"Male Up DEG",0.197964620175024,0.0245123821413601,-0.00903258881065259,1
"ENSMUSG00000036591","Arhgap21",5680.75343202612,"Male Up DEG",0.133458804993752,0.0918852760731734,-0.00436913358179215,1
"ENSMUSG00000036863","Syde2",170.329607203596,"Male Up DEG",0.296024500022916,0.0162277719908661,0.170336173302252,0.802958655871902
"ENSMUSG00000036904","Fzd8",451.582569766125,"Male Up DEG",0.277267508327872,0.00268568025115419,0.0289020155600596,1
"ENSMUSG00000037060","Cavin3",244.489259589381,"Both",0.411653348654879,0.000220727228628557,0.285466134595327,0.097671548740952
"ENSMUSG00000037139","Myom3",79.9816102138766,"Male Up DEG",0.270860361357994,0.0633188464182141,0.0625714542832213,1
"ENSMUSG00000037366","Pafah2",479.720768323874,"Both",0.595757471976984,4.3339669301313e-13,0.320201392240386,0.00469795582520326
"ENSMUSG00000037418","Best1",36.7832180655519,"Male Up DEG",0.305398040744362,0.019809326728778,0.257686216459847,0.121563477508839
"ENSMUSG00000037493","Cib2",1104.81510304964,"Male Up DEG",0.18756739807691,0.0255121900708038,0.124016927364131,0.695437322994783
"ENSMUSG00000037533","Rapgef6",906.13171517179,"Male Up DEG",0.223320430958212,0.00791971968573633,0.147532269060529,0.523078934833764
"ENSMUSG00000037646","Vps13b",1425.10741463873,"Male Up DEG",0.14126677295312,0.0855589475156608,0.0397924503388701,1
"ENSMUSG00000037664","Cdkn1c",621.464852024987,"Both",0.893485081428652,8.0239984380583e-20,0.471734798899416,1.48043533174249e-05
"ENSMUSG00000037736","Limch1",3952.77549157277,"Male Up DEG",0.19932782001483,0.0239634821281475,0.0539945738718191,1
"ENSMUSG00000037742","Eef1a1",79769.5362417935,"Male Up DEG",0.107841781654896,0.0734343424487999,0.0144173064559261,1
"ENSMUSG00000037973","Ccdc129",189.4310138546,"Both",1.29828508348463,7.97397654526496e-41,0.769068257170292,2.41383096451388e-15
"ENSMUSG00000037994","Slc9b2",148.655125709981,"Both",0.409422286457391,0.000416441906025767,0.355878791971383,0.0137674815803185
"ENSMUSG00000038112","AW551984",1588.06277917992,"Male Up DEG",0.266615530678239,0.000386879215548089,0.074231044256115,1
"ENSMUSG00000038172","Ttc39b",646.334108798064,"Male Up DEG",0.355990954955394,8.60339590756449e-06,0.132095213992862,0.812104878295596
"ENSMUSG00000038213","Tapbpl",115.512935793921,"Male Up DEG",0.299977614015236,0.029104048555647,0.0442424472719335,1
"ENSMUSG00000038216","Pnmt",32.6830591879262,"Male Up DEG",0.849353165846673,3.18432623836087e-15,0.18804507501531,0.257539308412786
"ENSMUSG00000038248","Sobp",7581.88534334885,"Male Up DEG",0.10918702144223,0.098342936273908,0.0275510345047802,1
"ENSMUSG00000038403","Hfe2",33.2521481940506,"Both",0.418386892882872,5.08157555010341e-06,0.293940479222086,0.0137551410572576
"ENSMUSG00000038545","Cul7",2260.8027806574,"Male Up DEG",0.329565880983353,4.90599460559528e-08,0.103532684145624,0.82339486624432
"ENSMUSG00000038587","Akap12",2979.88474740494,"Male Up DEG",0.234472695074047,0.00234789743639328,0.0931683974832091,1
"ENSMUSG00000038855","Itpkb",738.856560404722,"Male Up DEG",0.205167427074107,0.0162277719908661,0.15368254577531,0.450735188438454
"ENSMUSG00000038932","Tcfl5",247.87675827985,"Both",1.43685332150858,1.17910961616712e-58,0.791304704669033,2.40786107564076e-18
"ENSMUSG00000038984","Tspyl5",1151.81833560621,"Male Up DEG",0.143410346434793,0.0585040973979292,0.0286494481776973,1
"ENSMUSG00000039057","Myo16",6346.63549932252,"Male Up DEG",0.0989062936283102,0.0963706200621732,-0.0158991862080701,1
"ENSMUSG00000039081","Zfp503",124.290348858641,"Male Up DEG",0.292037450793311,0.0287108936833948,0.0719898369790971,1
"ENSMUSG00000039154","Shd",1319.80745809515,"Male Up DEG",0.168015253694128,0.043302014989014,0.139538932544482,0.477203948042503
"ENSMUSG00000039194","Rlbp1",1168.37629452209,"Both",0.586440830005988,2.07452733671348e-14,0.322872235477632,0.00151703872711927
"ENSMUSG00000039224","D1Pas1",15.6350312895601,"Both",0.494527294391191,2.27757568907265e-09,0.0685984476247967,0.0382886333081634
"ENSMUSG00000039263","Npepl1",388.021187942309,"Male Up DEG",0.425727980558951,6.62005174347306e-06,0.0997370887650957,1
"ENSMUSG00000039488","Cntn5",615.480162909495,"Male Up DEG",0.20435850891212,0.0333673007037381,0.175928491584548,0.343920294078496
"ENSMUSG00000039579","Grin3a",5803.95153563761,"Male Up DEG",0.160464448011568,0.00965709545002789,0.0409910413424164,1
"ENSMUSG00000039585","Myo9a",4452.47832567705,"Male Up DEG",0.13870942505386,0.0516477715834773,0.0183985538946238,1
"ENSMUSG00000039671","Zmynd8",3860.575866548,"Male Up DEG",0.37024499757064,8.51104543033595e-08,0.151025089497146,0.501398336289537
"ENSMUSG00000039860","Srrm3",2185.33129847871,"Both",0.49008339807331,4.05521089533622e-34,0.18038859867136,0.00118945653952071
"ENSMUSG00000039959","Hip1",4608.04407815062,"Male Up DEG",0.120488182298428,0.0210015492631153,-0.0110104538881936,1
"ENSMUSG00000039963","Ccdc40",215.313320248469,"Male Up DEG",0.436054951344493,4.38897034064221e-05,0.141688571157292,0.99207700098098
"ENSMUSG00000040013","Fkbp6",8.24661532736889,"Male Up DEG",0.186761779880907,0.00427302037483548,0.0881613809167472,0.400662693886918
"ENSMUSG00000040016","Ptger3",588.380217954651,"Male Up DEG",0.196913233636539,0.0622275454110791,0.0424852962362076,1
"ENSMUSG00000040140","Tdrd6",157.703698389924,"Male Up DEG",0.693686115306801,4.53661545726453e-12,0.177050289439748,0.802958655871902
"ENSMUSG00000040164","Kcns1",656.894557785391,"Male Up DEG",0.263891042114997,0.0571520380675876,0.133090706974624,1
"ENSMUSG00000040283","Btnl9",10.0606303475397,"Male Up DEG",0.196406900294495,0.0358468286519657,0.00682323463379496,1
"ENSMUSG00000040339","Fam102b",4151.03396158311,"Male Up DEG",0.12483100969194,0.0709364324023941,0.018572155797038,1
"ENSMUSG00000040363","Bcor",1138.05186150466,"Male Up DEG",0.207686671224876,0.00271030088665827,0.0504051099432744,1
"ENSMUSG00000040407","Akap9",6403.64547724018,"Male Up DEG",0.186863074229358,0.0663129893356848,0.0303447562420517,1
"ENSMUSG00000040423","Rc3h1",1418.43315454604,"Male Up DEG",0.180723825070067,0.0451711757062708,-0.016927721689968,1
"ENSMUSG00000040432","Ltb4r2",46.1484734598759,"Male Up DEG",0.429282012755301,0.000108726840024661,0.167903809432006,0.695317159488621
"ENSMUSG00000040481","Bptf",3555.11042105998,"Male Up DEG",0.147914574400814,0.0288990505448273,-0.00738163062415567,1
"ENSMUSG00000040524","Zfp609",2665.79813224334,"Male Up DEG",0.135069020829136,0.0795869839319197,0.0586375363480112,1
"ENSMUSG00000040549","Ckap5",5539.63456295008,"Male Up DEG",0.116468492041559,0.0445221049358008,-0.0200083757311683,1
"ENSMUSG00000040651","Fam208a",1071.33945735319,"Male Up DEG",0.163572634849185,0.0964986459814258,-0.0408284630858501,1
"ENSMUSG00000040680","Kremen2",15.9980982417746,"Male Up DEG",0.221482623642589,0.0266776332631697,0.0563124605644627,1
"ENSMUSG00000040690","Col16a1",552.552273548096,"Both",0.285381318676809,0.0240546984784774,0.288278637273104,0.097671548740952
"ENSMUSG00000040710","St8sia4",952.671831667285,"Male Up DEG",0.240203260113528,0.0252543273586089,0.093773377730075,1
"ENSMUSG00000040938","Slc16a11",484.183410250928,"Both",0.641889877920843,2.29614922534273e-13,0.421785434843463,5.94798472843686e-05
"ENSMUSG00000041120","Nbl1",648.072528752439,"Both",0.300192420528062,0.000566287799358768,0.277827542578018,0.00893609315284348
"ENSMUSG00000041141","Pnmal1",2900.9803238922,"Male Up DEG",0.143617521013526,0.0366655943863423,0.144983244046476,0.146806184902794
"ENSMUSG00000041245","Wnk3",1317.728162883,"Male Up DEG",0.177312270807288,0.0598217858398915,0.00563500394929452,1
"ENSMUSG00000041710","Trpc5",1041.11959116126,"Male Up DEG",0.200647831752488,0.0424874358707978,0.0301249922988466,1
"ENSMUSG00000041798","Gck",58.8806354650747,"Male Up DEG",0.397464722000971,0.00122847713008484,0.235580949607105,0.410038487270527
"ENSMUSG00000041801","Phlda3",432.962109309415,"Both",0.509153001516796,3.63314059903836e-08,0.338220793092412,0.00505116960095119
"ENSMUSG00000041852","Tcf20",3729.764041418,"Male Up DEG",0.141486661673182,0.0272521134635722,0.00501063442959427,1
"ENSMUSG00000041959","S100a10",1727.20326173801,"Both",0.42627751190086,1.72319729991556e-10,0.305565505174601,0.000139178484055506
"ENSMUSG00000041992","Rapgef5",2697.78961777551,"Male Up DEG",0.165717630136331,0.00122734726363065,-0.0108447019585148,1
"ENSMUSG00000042129","Rassf4",184.362343367944,"Male Up DEG",0.306531427872861,0.0150521034317359,0.111344406322305,1
"ENSMUSG00000042133","Ppig",1775.41223278391,"Male Up DEG",0.16603210619252,0.0177283641436573,-0.00205282395965885,1
"ENSMUSG00000042228","Lyn",228.226957882396,"Male Up DEG",0.245644908806998,0.0645453667627776,0.112992462312808,1
"ENSMUSG00000042439","Zfp532",2010.33487601429,"Both",0.605802943984374,2.01701749748784e-26,0.329784821084578,9.80506100948366e-07
"ENSMUSG00000042678","Myo15",23.6695837544937,"Male Up DEG",0.271434382628395,0.0078501752173991,0.0563375749043719,1
"ENSMUSG00000042942","Greb1l",284.791777235621,"Male Up DEG",0.416447650732955,0.000197365165937164,0.122132630857206,1
"ENSMUSG00000043003","Rasef",26.8955514290499,"Male Up DEG",0.284565534874148,0.0155897333728107,0.0143535439900382,1
"ENSMUSG00000043110","Lrrn4",51.0507954011695,"Male Up DEG",0.348838300914714,0.00723749995529575,0.194840462080388,0.640004953063522
"ENSMUSG00000043313","Pcdhb19",501.168908629941,"Male Up DEG",0.281758317467563,0.0243677294843042,0.105074128824778,1
"ENSMUSG00000043372","Hexim2",356.054389520347,"Both",0.336518434812652,4.48109153642267e-05,0.255670015455073,0.0281337314661263
"ENSMUSG00000043583","4930470P17Rik",31.9704842535946,"Male Up DEG",0.413712001848051,8.52670655209943e-05,0.156758524760103,0.640004953063522
"ENSMUSG00000043621","Ubxn10",63.9613199979733,"Male Up DEG",0.269882304984654,0.0683430516178957,-0.0101864198195883,1
"ENSMUSG00000043639","Rbm20",114.690616701548,"Male Up DEG",0.435629318018063,0.000123129013629155,0.154232261455417,0.964227476427563
"ENSMUSG00000043648","Pld6",75.9825631780171,"Male Up DEG",0.298705398358456,0.0317670766558997,0.168652029538603,0.829618577716962
"ENSMUSG00000043670","Diras1",3490.4003068876,"Male Up DEG",0.156086714022504,0.0164405925022087,0.103626308239682,0.640004953063522
"ENSMUSG00000043850","Clrn1",91.0055585591895,"Male Up DEG",0.486546616810857,8.60339590756449e-06,0.231135161545931,0.467459237362823
"ENSMUSG00000043964","Orai3",397.119243052778,"Male Up DEG",0.288282712978489,0.00724821841352795,0.173624896325688,0.657285945301036
"ENSMUSG00000044006","Cilp2",631.831346103248,"Both",1.01449279887024,9.53722995858638e-54,0.351798071905198,2.66175857725166e-05
"ENSMUSG00000044141","E130201H02Rik",32.6342049608995,"Male Up DEG",0.270090697628205,0.0327457491829558,0.175810387514959,0.69463199841362
"ENSMUSG00000044243","Bhlha9",57.8846638111345,"Male Up DEG",0.366207244635743,0.00441666186974759,0.00635878990892217,1
"ENSMUSG00000044254","Pcsk9",241.34472829102,"Male Up DEG",0.419527329707452,0.000537056249106722,0.121815604639256,1
"ENSMUSG00000044345","Marveld1",466.16896655685,"Both",0.463345663212228,1.60499755263997e-09,0.25155123032671,0.0392933107226916
"ENSMUSG00000044361","BC024139",463.101718461719,"Both",0.849528209049546,1.80683556672412e-24,0.507277101032295,7.6898896753692e-08
"ENSMUSG00000044562","Rasip1",719.888375537199,"Both",0.633267793384902,4.2927453672052e-23,0.309157849402467,0.00015476366889572
"ENSMUSG00000044647","Csrnp3",5440.02781907494,"Male Up DEG",0.192758914078505,0.00279008253106136,0.000553441581521644,1
"ENSMUSG00000044689","Gm13749",26.2640837831163,"Male Up DEG",0.292333514787355,0.0120712850717723,0.0448360648154203,1
"ENSMUSG00000044835","Ankrd45",1520.21179484823,"Male Up DEG",0.142011045096478,0.0979695338138086,0.161341669695838,0.178323445271089
"ENSMUSG00000045005","Fzd5",68.1484437289557,"Male Up DEG",0.265027171493535,0.0430058529469304,0.0710350915249864,1
"ENSMUSG00000045087","S1pr5",129.966913600723,"Both",0.670121650222894,4.40652429764471e-11,0.340416449891356,0.0251751040090065
"ENSMUSG00000045534","Kcna5",85.8285062682797,"Male Up DEG",0.275991429685164,0.0733915832461288,0.0766121674265719,1
"ENSMUSG00000045555","Mettl24",15.2868088287632,"Male Up DEG",0.225196526148011,0.0276237100416198,0.0360556513185004,1
"ENSMUSG00000045648","Vwc2l",607.33989992831,"Male Up DEG",0.209629803666689,0.0184359283838746,0.0335178700253133,1
"ENSMUSG00000045667","Smtnl2",243.07820558969,"Male Up DEG",0.50278277778202,3.96351212557471e-06,0.235719246785156,0.410038487270527
"ENSMUSG00000045912","C2cd4c",904.903825387991,"Male Up DEG",0.183722515020627,0.0494103245787684,0.105485506765798,0.955065682994427
"ENSMUSG00000045932","Ifit2",381.878390264066,"Male Up DEG",0.306760637150687,0.000697654603402489,0.152961138119544,0.695317159488621
"ENSMUSG00000045962","Wnk1",4366.64558069211,"Male Up DEG",0.105800362610755,0.0642942661201719,0.0173168940187993,1
"ENSMUSG00000046000","Naa11",10.864160368136,"Male Up DEG",0.210647610422807,0.0462471162789259,-0.100770800174309,0.763505162345338
"ENSMUSG00000046223","Plaur",23.066039339192,"Male Up DEG",0.227214107672084,0.0631210962464119,0.120222876622276,0.923436115320164
"ENSMUSG00000046287","Pnma3",794.226519585929,"Male Up DEG",0.199810149090001,0.0487876108183737,0.0884066621665674,1
"ENSMUSG00000046387","Pcdhb17",595.895369662719,"Male Up DEG",0.467636358095098,5.57159845755727e-08,0.183982000994613,0.530149569884501
"ENSMUSG00000046449","Nexmif",5595.65447436944,"Male Up DEG",0.214702133354712,0.0118466138105843,0.0267659564458736,1
"ENSMUSG00000046470","Sox18",295.256559391623,"Male Up DEG",0.297822612734198,0.00704459306421754,0.135421891883089,0.964227476427563
"ENSMUSG00000046491","C1qtnf2",219.143794263705,"Male Up DEG",0.332993295267011,0.00652686621090403,0.251721308306556,0.247317758245152
"ENSMUSG00000046607","Hrk",1952.44632513215,"Male Up DEG",0.346399922076834,7.31106507384655e-05,0.211216085581118,0.220782038224921
"ENSMUSG00000046782","Ttc6",34.06464546317,"Male Up DEG",0.254562273251143,0.0332887039839504,0.103349925257366,1
"ENSMUSG00000046807","Lrrc75b",2145.82544646321,"Male Up DEG",0.229975870944852,0.00390884341969481,0.118150690556259,0.802958655871902
"ENSMUSG00000046834","Krt1",396.440589877218,"Both",0.67907924730886,4.78967124947776e-19,0.400102660904426,1.34529501694811e-05
"ENSMUSG00000046908","Ltb4r1",19.1068591366577,"Male Up DEG",0.260280801378682,0.0124184606930309,0.164458866942663,0.499935250883526
"ENSMUSG00000047180","Neurl3",30.6350744113567,"Male Up DEG",0.299382290339734,0.011145741532642,0.135970980183488,0.928375692991442
"ENSMUSG00000047205","Dusp18",1472.2259605296,"Male Up DEG",0.298760029498688,0.000178524023328728,0.0874937788270969,1
"ENSMUSG00000047344","Lancl3",385.022315513915,"Male Up DEG",0.322661533531083,0.00101801924689747,0.141544684116026,0.880826652393255
"ENSMUSG00000047507","Baiap3",697.299254102091,"Male Up DEG",0.458225208123082,7.83198471465673e-06,0.250616675580898,0.22341955691547
"ENSMUSG00000047641","Krt87",16.034647943774,"Male Up DEG",0.240921180950521,0.026497381733262,0.0768280878812895,1
"ENSMUSG00000047797","Gjb1",158.350755928079,"Both",1.95957594649276,1.9197065842158e-82,1.16896462387852,4.01177357303567e-37
"ENSMUSG00000047907","Tshz2",386.026394005977,"Male Up DEG",0.225651088772771,0.0959642796086854,0.0135763952087176,1
"ENSMUSG00000047935","Sox1ot",593.321757517519,"Male Up DEG",0.188750426740516,0.0830265395381475,0.031674821293074,1
"ENSMUSG00000047959","Kcna3",491.685480521192,"Male Up DEG",0.235828056995936,0.014562118229096,0.12120319919732,0.923436115320164
"ENSMUSG00000048038","Ccdc187",183.974765344058,"Both",0.781411388180794,2.79428634916849e-15,0.486840903613037,5.5238237958726e-06
"ENSMUSG00000048148","Nwd1",1709.30868255212,"Male Up DEG",0.148022021297202,0.0330152538263578,0.0971417839501246,0.728184372331679
"ENSMUSG00000048216","Gpr85",3108.53080600211,"Male Up DEG",0.237267368991214,8.39862935464237e-05,0.117973143375741,0.551887734490272
"ENSMUSG00000048281","Dleu7",280.812319772071,"Male Up DEG",0.317951096241767,0.00876880218763037,0.139540019937697,1
"ENSMUSG00000048490","Nrip1",2693.79396934333,"Male Up DEG",0.155148224497536,0.0234292864920017,0.0793126000319433,0.964227476427563
"ENSMUSG00000048721","Fndc9",277.960558391083,"Male Up DEG",0.397351500533991,0.000112392887177596,0.239501711693112,0.250775765189639
"ENSMUSG00000048794","Cfap100",122.031110114839,"Female Up DEG",0.139500209609142,0.492704826008456,0.304539239984565,0.097671548740952
"ENSMUSG00000048905","4930539E08Rik",315.564460433426,"Male Up DEG",0.383965059088577,0.000227201000616527,0.100453484356025,1
"ENSMUSG00000048967","Yjefn3",186.081142261667,"Male Up DEG",0.281185554654555,0.0201092276845085,0.0374131836301293,1
"ENSMUSG00000049100","Pcdh10",7943.86033597271,"Male Up DEG",0.138404523245572,0.0884946954481845,0.0657809321950712,1
"ENSMUSG00000049112","Oxtr",444.639794177082,"Male Up DEG",0.259582076741948,0.0235312196082465,0.102340315640817,1
"ENSMUSG00000049119","Fam110b",1776.69323407178,"Male Up DEG",0.175630136245486,0.0307650679632386,0.0372793410804282,1
"ENSMUSG00000049123","Catsperg2",10.3308541842643,"Male Up DEG",0.194014211259003,0.0169854376169542,0.0504912469410887,1
"ENSMUSG00000049164","Zfp518a",323.716203895825,"Male Up DEG",0.234181798589302,0.0407381679181605,-0.0487730779717824,1
"ENSMUSG00000049307","Fut4",25.2082250199075,"Male Up DEG",0.294439000491029,0.0227565307778211,-0.0475495484739513,1
"ENSMUSG00000049336","Tenm2",7099.83809243792,"Male Up DEG",0.22698432812668,6.86290247989805e-05,0.00216239866376425,1
"ENSMUSG00000049515","Espnl",16.3070096959978,"Male Up DEG",0.220609187775142,0.0566896041943544,0.0614865135329701,1
"ENSMUSG00000049551","Fzd9",526.946343029982,"Male Up DEG",0.197984663619678,0.0491360597379549,0.117989753592242,0.928375692991442
"ENSMUSG00000049658","Bdp1",1235.03754169464,"Male Up DEG",0.141603484237672,0.0443103376982414,-0.00704351858237102,1
"ENSMUSG00000049676","Catsperg1",107.178061774041,"Male Up DEG",0.342153640821482,0.000407104160375843,0.193821301210153,0.664061586780304
"ENSMUSG00000049721","Gal3st1",202.983403846082,"Male Up DEG",0.239286155011809,0.0993569843777902,0.134121735503569,1
"ENSMUSG00000049744","Arhgap15",141.331790082649,"Male Up DEG",0.315675409765499,0.0196031520484026,0.193212816763564,0.685610416717545
"ENSMUSG00000050022","Amz1",536.083830162308,"Male Up DEG",0.221537202481842,0.0764631062256302,0.138013047289915,0.934452300867438
"ENSMUSG00000050071","Bex1",1324.47456770228,"Both",0.18176357469717,0.0714596485656518,0.250604344251508,0.0137674815803185
"ENSMUSG00000050105","Grrp1",149.149776969841,"Both",0.35578045719375,0.00554640407515431,0.311676477257339,0.0612718301669976
"ENSMUSG00000050106","Tmc8",42.9003041213107,"Male Up DEG",0.328638160129136,0.00631857882538799,0.184397752958291,0.673998687158747
"ENSMUSG00000050150","Slc9b1",12.6702009804354,"Male Up DEG",0.225061289057166,0.0134359020839207,-0.0347881959324395,1
"ENSMUSG00000050558","Prokr2",529.064754106635,"Male Up DEG",0.273171493532647,0.0164405925022087,0.0635970100620228,1
"ENSMUSG00000050824","Sstr5",16.4667177193862,"Male Up DEG",0.232910191973351,0.0378373938556837,0.0955184430833936,0.957595557413199
"ENSMUSG00000050875","A730017C20Rik",1510.25396514881,"Male Up DEG",0.314727618717237,9.48419524816607e-08,0.152605715387166,0.230418510239418
"ENSMUSG00000051243","Islr2",12487.102115639,"Male Up DEG",0.258715054728608,0.0064898707021149,0.0947331970555927,1
"ENSMUSG00000051323","Pcdh19",5047.31573428539,"Male Up DEG",0.168709860618432,0.0148699657583769,0.0597546520581667,1
"ENSMUSG00000051397","Tacstd2",32.6712706687653,"Male Up DEG",0.198949603580102,0.0919548115144811,0.0796329917055334,1
"ENSMUSG00000051486","Pcdhb11",233.32949210874,"Male Up DEG",0.249249958191881,0.0563875252823002,0.0217634934722572,1
"ENSMUSG00000051504","Siglech",161.739174881795,"Male Up DEG",0.299519634489796,0.0319110202207118,0.18650443544411,0.750995773376045
"ENSMUSG00000051855","Mest",736.16617151743,"Male Up DEG",0.210396853532324,0.0798982330864552,0.178415210904294,0.561718123777922
"ENSMUSG00000051951","Xkr4",2841.90542565864,"Male Up DEG",0.137178220088539,0.0993569843777902,0.0766483626003562,1
"ENSMUSG00000052151","Plpp2",121.200680762008,"Both",0.606462767558579,1.24743847946589e-08,0.297224146343791,0.0873167244326504
"ENSMUSG00000052155","Acvr2a",3131.0448302036,"Male Up DEG",0.134468994707926,0.0238061009513681,-0.0426615999747135,1
"ENSMUSG00000052188","Gm14964",73.9353643593145,"Male Up DEG",0.403613382536399,0.000290993112960778,0.180118201103617,0.755370192317022
"ENSMUSG00000052271","Bhlha15",12.1159184747434,"Male Up DEG",0.276013003323836,0.00274352561064229,0.0644250666835404,1
"ENSMUSG00000052407","Ccdc171",103.901563934672,"Male Up DEG",0.241264136294383,0.0955882777771217,0.055739537963884,1
"ENSMUSG00000052534","Pbx1",9020.79496664296,"Male Up DEG",0.22905316930833,0.00122734726363065,0.0681598768038676,1
"ENSMUSG00000052557","Gan",2536.15273900839,"Male Up DEG",0.124649939001163,0.0430058529469304,-0.046958833401909,1
"ENSMUSG00000052759","Gpr25",42.9431572457465,"Male Up DEG",0.27481758095521,0.0532572453170168,0.134490491030749,1
"ENSMUSG00000052848","C130026L21Rik",228.251179334269,"Male Up DEG",0.315220950772598,0.00687473081078067,0.110376487529103,1
"ENSMUSG00000052917","Senp7",1111.38036515733,"Male Up DEG",0.182198172949546,0.00757686786205095,0.0528546453482868,1
"ENSMUSG00000052920","Prkg1",482.391139624771,"Male Up DEG",0.233911252378057,0.026497381733262,0.0104154910399095,1
"ENSMUSG00000052921","Arhgef15",578.686750700311,"Male Up DEG",0.25300635416221,0.00720406987784232,0.189354263131252,0.323461166058871
"ENSMUSG00000052957","Gas1",363.336901493696,"Male Up DEG",0.203487194697917,0.0793637326884332,0.0421915736841426,1
"ENSMUSG00000053080","2700081O15Rik",7853.43230177673,"Male Up DEG",0.213707249614561,0.0709364324023941,0.115335964476442,1
"ENSMUSG00000053164","Gpr21",800.208131266248,"Male Up DEG",0.266725277027186,0.0158734003959374,0.114610590284804,1
"ENSMUSG00000053297","AI854703",923.114932246201,"Male Up DEG",0.196358959261394,0.00565808428312296,0.0978225415323183,0.883664800704576
"ENSMUSG00000053522","Lgals7",91.2497370380276,"Both",0.972634818108243,1.57468240611293e-21,0.380367505051591,0.00022922069020103
"ENSMUSG00000053617","Sh3pxd2a",1353.98042731994,"Male Up DEG",0.265728830058193,7.42646235279722e-05,0.153444371013605,0.300453698341412
"ENSMUSG00000053774","Ubxn7",2009.28022296893,"Male Up DEG",0.14416927861365,0.025525763864094,-0.0213503225690567,1
"ENSMUSG00000053825","Ppfia2",4510.03005886782,"Male Up DEG",0.139241933010589,0.0521166280244914,0.0141089327052888,1
"ENSMUSG00000053965","Pde5a",360.802101280382,"Male Up DEG",0.227251638048067,0.0551644180777149,-0.0519971987999649,1
"ENSMUSG00000054556","Gm4876",66.4238072541608,"Male Up DEG",0.386080797924873,0.00106558394541865,0.156802700082743,0.928375692991442
"ENSMUSG00000054733","Msra",1110.13279337726,"Male Up DEG",0.253738662457781,8.12224753572237e-05,0.0672018734493339,1
"ENSMUSG00000054889","Dsp",93.9010040049585,"Male Up DEG",0.31678679201465,0.0148699657583769,0.0568366434523745,1
"ENSMUSG00000054944","5330416C01Rik",36.6540124994635,"Male Up DEG",0.394158453496266,0.000294989404165874,0.234884810669807,0.354194785351827
"ENSMUSG00000055371","Stam2",1090.2732025331,"Male Up DEG",0.175652991439156,0.0162277719908661,0.0438738443365359,1
"ENSMUSG00000055415","Atp10b",89.4360076037181,"Male Up DEG",0.345647537218405,0.00542152700797357,-0.0471445667000744,1
"ENSMUSG00000055945","Prr18",843.326685347626,"Male Up DEG",0.314406856054987,0.000596595944078394,0.156750712509295,0.684009747731139
"ENSMUSG00000056073","Grik2",2013.05527499806,"Male Up DEG",0.138702326636212,0.0658874379114456,0.0385213889128195,1
"ENSMUSG00000056418","BC043934",80.0827884173073,"Male Up DEG",0.526762852215988,7.30941985759132e-07,0.17337880880749,0.797829214755919
"ENSMUSG00000056481","Cd248",288.609755214567,"Male Up DEG",0.48789612670094,9.08402316417423e-06,0.197302344781495,0.659683446196974
"ENSMUSG00000056592","Zfp658",239.591509208156,"Male Up DEG",0.22909999571904,0.0980983618508376,-0.0888795733707433,1
"ENSMUSG00000056608","Chd9",1821.87826314166,"Male Up DEG",0.143447482963065,0.00872027203456765,0.00334625188502517,1
"ENSMUSG00000056854","Pou3f4",211.723619656848,"Male Up DEG",0.259270900188829,0.0535659452552709,0.0380751374772711,1
"ENSMUSG00000056917","Sipa1",1196.59079398144,"Both",0.599242965346622,1.16478918582052e-23,0.400234613000245,1.87426532771118e-09
"ENSMUSG00000057058","Skap1",33.9160244528352,"Male Up DEG",0.41038393742231,0.000476518037160444,0.0546739032281765,1
"ENSMUSG00000057530","Ece1",1082.75982100507,"Male Up DEG",0.124561502721679,0.097132143781099,0.00915341121638326,1
"ENSMUSG00000057615","Ldoc1",110.874313201644,"Male Up DEG",0.265828957028703,0.0662812792524695,0.131284477338676,1
"ENSMUSG00000057751","Megf6",422.523110161964,"Male Up DEG",0.333201114632512,0.00427302037483548,0.20092334752523,0.593459962872276
"ENSMUSG00000057818","1600029O15Rik",115.558510418583,"Male Up DEG",0.418567375589941,0.000299580162784288,0.105946181887963,1
"ENSMUSG00000058019","Ces5a",33.8536546810023,"Male Up DEG",0.26574307835402,0.00873944038819062,0.00599150737389087,1
"ENSMUSG00000058056","Palld",396.592205535609,"Male Up DEG",0.24309366860374,0.0236904139060627,0.158644259881411,0.695317159488621
"ENSMUSG00000058446","Znrf2",2820.04239108104,"Male Up DEG",0.201893967254183,0.0218517086926769,0.0401203590409101,1
"ENSMUSG00000059361","Nrsn2",551.285556261812,"Both",0.571567645201089,2.70554565949838e-10,0.347247590795434,0.00370214597745683
"ENSMUSG00000059540","Tcea2",594.053950862875,"Male Up DEG",0.187062735335035,0.0936550536433667,0.202234230596013,0.22341955691547
"ENSMUSG00000059602","Syn3",1309.55736815627,"Male Up DEG",0.217772922724935,0.00503782725584085,0.10006463314411,0.934452300867438
"ENSMUSG00000059921","Unc5c",1678.45582546075,"Male Up DEG",0.187645505769444,0.0562361779329621,0.014785746433577,1
"ENSMUSG00000060063","Alox5ap",30.3238014201818,"Male Up DEG",0.266306136222004,0.0396373630685451,0.103073384569184,1
"ENSMUSG00000060204","Gm5868",31.161168182119,"Male Up DEG",0.406835117851241,0.000183091107188245,0.136104717045545,0.934452300867438
"ENSMUSG00000060461","Dppa5a",18.3362035284777,"Female Up DEG",0.138774138063057,0.391966616816088,0.234186847992795,0.0411906465836435
"ENSMUSG00000060470","Adgrg3",38.6505446942774,"Male Up DEG",0.257167085799653,0.0427983008670977,0.129997771219915,0.967966597256723
"ENSMUSG00000060534","Dcc",1682.35554931938,"Male Up DEG",0.21567807186444,0.0240546984784774,0.105941986071127,0.993675107459845
"ENSMUSG00000060591","Ifitm2",259.554126368753,"Both",0.957231976616158,7.48859408602301e-26,0.447393109363396,6.30090441392018e-05
"ENSMUSG00000060621","Nkpd1",96.0483944897603,"Both",1.18497795415638,1.35601481573437e-31,0.399995788943401,0.00109074604108033
"ENSMUSG00000061232","H2-K1",219.918801302675,"Male Up DEG",0.289725278825238,0.0372739215932241,0.134488952412726,1
"ENSMUSG00000061397","Krt79",7.94058497150339,"Male Up DEG",0.166516413859953,0.0906824920911121,0.0190997141039844,1
"ENSMUSG00000061462","Obscn",581.659065508115,"Both",1.13363130114951,1.80668045253126e-33,0.501349664034207,6.43561672986213e-08
"ENSMUSG00000061577","Adgrg5",26.6033574145566,"Male Up DEG",0.285296881873996,0.0116669864205172,0.0907803416278213,1
"ENSMUSG00000062252","Lhfpl5",169.347181520999,"Male Up DEG",0.355698259089519,0.00339547200672601,0.272695156041817,0.165780879336331
"ENSMUSG00000062309","Rpp25",448.868704222657,"Male Up DEG",0.231210132046569,0.0451711757062708,0.0603347508765319,1
"ENSMUSG00000062372","Otof",732.427332948684,"Male Up DEG",0.273872899907205,0.0338015757028178,0.179715298248141,0.735105098080138
"ENSMUSG00000063171","Rps4l",1526.50917710947,"Both",1.41707772108901,1.86062464876626e-66,0.925969120692288,7.7768174638302e-29
"ENSMUSG00000063687","Pcdhb5",263.542325540736,"Male Up DEG",0.309360848308003,0.0137924651384848,-0.0461683793470357,1
"ENSMUSG00000063870","Chd4",5881.80949101109,"Male Up DEG",0.111045996658607,0.0796155525548673,-0.0322564598766828,1
"ENSMUSG00000063935","Zar1",64.7205693414658,"Both",0.999136379452154,6.90200497415624e-22,0.330448673055779,0.00342328437859475
"ENSMUSG00000064080","Fbln2",430.282817378151,"Male Up DEG",0.237263129979365,0.0902486842866647,0.00747315896305167,1
"ENSMUSG00000064225","Paqr9",3344.33183147516,"Male Up DEG",0.162366548429418,0.0315833821734592,0.0601390681217191,1
"ENSMUSG00000064247","Plcxd1",161.111981878927,"Both",0.546267325681713,1.24018680734614e-07,0.347877108304537,0.0129479765738277
"ENSMUSG00000064254","Ethe1",294.527971376617,"Male Up DEG",0.208925305502695,0.0789245454254507,0.177647807830161,0.560018692090491
"ENSMUSG00000065979","Cpped1",612.380222270607,"Male Up DEG",0.17025722037631,0.096197047998337,0.133301842949307,0.723524736968344
"ENSMUSG00000066652","Lefty2",648.883603883689,"Male Up DEG",0.439960889646529,5.18727848021578e-07,0.23988416456979,0.143357529762967
"ENSMUSG00000066760","Psg16",126.761535935209,"Male Up DEG",0.37494485728037,0.00162701580551676,0.226782955589182,0.430080269834051
"ENSMUSG00000066797","Zfp648",71.112725618749,"Male Up DEG",0.720233461819842,9.80234274637664e-12,0.160914124195868,0.892068415374982
"ENSMUSG00000066800","Rnasel",816.463899830419,"Male Up DEG",0.300588449030251,0.0140184791135033,0.111345117813251,1
"ENSMUSG00000066975","Cryba4",20.0449241047708,"Male Up DEG",0.223781845653764,0.0404571771083757,0.0945567424161173,1
"ENSMUSG00000067071","Hes6",927.996403591444,"Male Up DEG",0.322040745222551,0.000537138116573975,0.193098607002756,0.409561761859057
"ENSMUSG00000067158","Col4a4",118.342996151669,"Male Up DEG",0.270518935453371,0.0552161412335149,-0.0159634558651713,1
"ENSMUSG00000067786","Nnat",16989.4866833722,"Male Up DEG",0.179544776708443,0.0407381679181605,0.123869565592627,0.702051308914672
"ENSMUSG00000068105","Tnfrsf13c",14.3229642140494,"Male Up DEG",0.350645383357633,2.81645930714415e-05,0.188997231292757,0.22341955691547
"ENSMUSG00000068299","Nat8f4",185.913758208878,"Male Up DEG",0.344478676730431,0.00521927176823295,0.124176303471105,1
"ENSMUSG00000068699","Flnc",105.571664502765,"Male Up DEG",0.253004870497194,0.0825361653004041,0.138062935354124,1
"ENSMUSG00000068859","Sp9",420.377585480284,"Male Up DEG",0.323213789393139,0.00307256788361804,0.0259089031077081,1
"ENSMUSG00000069793","Slfn9",77.9680208746346,"Male Up DEG",0.25012979360735,0.0654091848151435,0.0794662987985269,1
"ENSMUSG00000069920","B3gnt9",112.465574538441,"Both",0.655766449979437,2.8186805429454e-10,0.401680795053011,0.00207957539974157
"ENSMUSG00000070473","Cldn3",208.748900976981,"Both",1.06976515181759,2.00035439756061e-34,0.655464719507705,1.66342510115701e-12
"ENSMUSG00000070524","Fcrlb",18.0218957274609,"Male Up DEG",0.212677696060819,0.0370211647233436,0.0306233273745782,1
"ENSMUSG00000070604","Vsig10l",190.991728132181,"Male Up DEG",0.275386448005894,0.0316730895924353,0.228491309104279,0.381736184488451
"ENSMUSG00000070705","Eid2b",1083.69117863832,"Male Up DEG",0.220050984575928,0.00711000621589142,-0.0164907783520117,1
"ENSMUSG00000070803","Cited4",97.6975334544433,"Male Up DEG",0.305918406876998,0.0295503991357228,0.21949788241443,0.505102306261095
"ENSMUSG00000070866","Zfp804a",893.022860121052,"Male Up DEG",0.208405722201442,0.037286517428436,0.069571599725954,1
"ENSMUSG00000071547","Nt5dc2",379.808423132265,"Male Up DEG",0.252854350467264,0.0494346827363621,-0.0089626850005288,1
"ENSMUSG00000071553","Cpa2",73.3038982102862,"Male Up DEG",0.486918078173337,1.20009872308879e-05,0.2202285449503,0.506239131569022
"ENSMUSG00000071691","Gm960",129.515320366421,"Male Up DEG",0.361783784475721,0.00202648264163985,0.0589264924209422,1
"ENSMUSG00000071724","Smpd5",45.5851147954664,"Male Up DEG",0.474920984025645,2.58379248052345e-06,0.183834169513544,0.515200109531896
"ENSMUSG00000072115","Ang",10.5778493304885,"Male Up DEG",0.195992487617691,0.026497381733262,0.142426898729614,0.659683446196974
"ENSMUSG00000072653","Zfp783",430.873064962737,"Both",0.852139336317231,1.31581453688601e-31,0.477340263812407,8.88714353195365e-09
"ENSMUSG00000072720","Myo18b",345.73456560224,"Male Up DEG",0.591323552680532,2.60033584550872e-11,0.110318198332392,1
"ENSMUSG00000072770","Acrbp",124.410874955176,"Male Up DEG",0.612495814649282,2.89144559314539e-09,0.255233347014862,0.295737731529018
"ENSMUSG00000072774","Zfp951",96.1054770627541,"Both",0.742690849413527,6.54630804407721e-13,0.316364623768801,0.0388643979197138
"ENSMUSG00000072812","Ahnak2",202.379415320089,"Male Up DEG",0.332767786240228,0.00757686786205095,0.224941474614444,0.521007873341162
"ENSMUSG00000072844","G530011O06Rik",43.4747068610989,"Male Up DEG",0.147554603044719,0.0884946954481845,0.152055674556273,0.728184372331679
"ENSMUSG00000073197","5730507C01Rik",10.5900247249533,"Male Up DEG",0.170949467997737,0.00915158940093206,0.00199973800536127,1
"ENSMUSG00000073411","H2-D1",971.788623492538,"Both",0.405537605906349,6.46327401448269e-09,0.249481689934577,0.0115081111572045
"ENSMUSG00000073421","H2-Ab1",15.6600364898066,"Female Up DEG",0.0497094124371982,0.803878476092517,0.301910608387752,0.0109480248850588
"ENSMUSG00000073460","Pnldc1",40.3593373327056,"Male Up DEG",0.214564517664133,0.0381082065599697,0.0836517490408501,1
"ENSMUSG00000073678","Pgap1",2882.65921977802,"Male Up DEG",0.156214674108977,0.0488778213112738,0.0275840481934368,1
"ENSMUSG00000073787","Gm10575",162.186441494683,"Male Up DEG",0.332007862128443,0.00358258437464072,-0.0358895152286564,1
"ENSMUSG00000073877","Gm13306",90.9109214044896,"Male Up DEG",0.254421491896887,0.0971319690255781,-0.0265110361267548,1
"ENSMUSG00000074227","Spint2",499.169345609117,"Male Up DEG",0.297031221813676,0.00109887154132295,0.173431690702542,0.521007873341162
"ENSMUSG00000074259","Gramd2",566.392720420431,"Male Up DEG",0.220249820160912,0.0615980898378748,0.083141503834966,1
"ENSMUSG00000074358","Ccdc61",360.959876150679,"Male Up DEG",0.257857603486099,0.0349737489330589,0.144499456681839,0.931626586286778
"ENSMUSG00000074607","Tox2",687.072418814528,"Male Up DEG",0.171985909430056,0.0803413381696483,0.0507207519894379,1
"ENSMUSG00000074651","Mcidas",14.7998934553714,"Male Up DEG",0.227379340202732,0.00771285695713349,0.075088454041817,1
"ENSMUSG00000074671","Tspyl3",1345.09292182864,"Male Up DEG",0.157343819534227,0.0393395698273925,0.0333239843848006,1
"ENSMUSG00000074771","Ankef1",34.9305612855161,"Male Up DEG",0.224219127798233,0.0937580953410562,0.0325521529194697,1
"ENSMUSG00000074793","Hspa12b",245.353497342726,"Male Up DEG",0.247714724897727,0.0603766982241405,0.0542008598627305,1
"ENSMUSG00000075224","Lrrc55",1487.02554000862,"Male Up DEG",0.18189357127,0.00446857615572698,-0.00339140716339192,1
"ENSMUSG00000075592","Nynrin",532.637121046844,"Male Up DEG",0.286167720997528,0.0078501752173991,0.0109388148283946,1
"ENSMUSG00000078554","Fam229a",19.8998210866636,"Male Up DEG",0.390688849530199,0.00106708697228668,0.0979624034693207,1
"ENSMUSG00000079110","Capn3",90.1400168438194,"Male Up DEG",0.414071927151082,0.000407104160375843,0.193976421065314,0.700164611955673
"ENSMUSG00000079259","Trim71",18.2053030886518,"Female Up DEG",0.151068761577235,0.166487205641164,0.195627515871959,0.0677899524418828
"ENSMUSG00000079654","Prrt4",663.587546916162,"Male Up DEG",0.358585575025174,2.34325175845884e-05,0.0791571186726071,1
"ENSMUSG00000081219","Bambi-ps1",56.2365817286753,"Male Up DEG",0.298012540743162,0.0260111146985065,0.108763311331899,1
"ENSMUSG00000083307","AA414768",191.403496147999,"Male Up DEG",0.270186383588656,0.0476333812083933,0.102730961339757,1
"ENSMUSG00000083695","Rnf138rt1",30.9025562771051,"Male Up DEG",0.315225031872737,0.0138137338841265,-0.065999269494916,1
"ENSMUSG00000083962","Gm15707",13.7425386059445,"Male Up DEG",0.205983717327431,0.0604661937866509,0.170447995409107,0.317541602145437
"ENSMUSG00000085141","Gm13429",21.5182684779869,"Male Up DEG",0.249482347263678,0.0193405619586179,0.0771082825532751,1
"ENSMUSG00000085225","Gm14637",22.799027087806,"Male Up DEG",0.311540405445411,0.00390647878293636,0.221066607773899,0.279611952161386
"ENSMUSG00000085338","2410004I01Rik",30.221956402654,"Male Up DEG",0.504234229873917,4.73675656609538e-06,0.145401159445908,0.69463199841362
"ENSMUSG00000085407","1700095J03Rik",27.0179097217334,"Male Up DEG",0.360615480144212,0.000354934948545745,0.0399253259058251,1
"ENSMUSG00000085582","3110099E03Rik",14.6584981356613,"Male Up DEG",0.219370697079733,0.0542975018890412,0.0319929393176024,1
"ENSMUSG00000085928","4933427I22Rik",18.5314445427702,"Male Up DEG",0.327739833396614,0.000229519324291698,0.050490957331978,1
"ENSMUSG00000085998","AW822252",44.6499494265347,"Male Up DEG",0.256187626622106,0.0665816367584903,0.19134358243101,0.701874193618631
"ENSMUSG00000086166","Gm14342",27.6607327532679,"Both",0.561345529605698,9.30263922926172e-09,0.223274089782578,0.0284490238541916
"ENSMUSG00000086259","Tmem150cos",8.14534824832387,"Male Up DEG",0.115764823777645,0.0430058529469304,-0.00538836505569042,1
"ENSMUSG00000086587","Gm11837",73.8969670350009,"Male Up DEG",0.345615532416586,0.00709885348413918,0.181120195506129,0.802958655871902
"ENSMUSG00000086771","1700080G11Rik",26.6458614328162,"Both",0.257125848901791,0.0374115260475475,0.263933324069178,0.0802750913444599
"ENSMUSG00000086904","Gm13404",28.5199813613378,"Male Up DEG",0.269963220441137,0.0430058529469304,0.179519565469101,0.615986868982586
"ENSMUSG00000087082","Gm15423",23.4848278580497,"Male Up DEG",0.33814296469696,6.68808085382977e-05,0.179611816322026,0.211949433486329
"ENSMUSG00000087084","Gm13016",47.458811039652,"Male Up DEG",0.353074923519564,0.00581349939387213,0.178982618800084,0.755956913546746
"ENSMUSG00000087114","Gm16099",37.376453930879,"Male Up DEG",0.37345068786172,0.0019619661507481,0.144643609203809,0.917814298529908
"ENSMUSG00000087268","Gm14486",11.8928629129251,"Both",0.255151837149477,0.00039509641667387,0.134230963485679,0.0992091838919775
"ENSMUSG00000087303","Lipo2",14.3143324590073,"Male Up DEG",0.310504598827422,0.000369317157570455,0.0988193662565978,0.931496497034408
"ENSMUSG00000087413","Gm11266",83.6607066504568,"Male Up DEG",0.387515112872817,0.00101787952968158,0.150608579717868,0.969577660621786
"ENSMUSG00000087461","C230014O12Rik",37.7743019569968,"Male Up DEG",0.379514286742418,0.0010536315970278,0.0524932669934193,1
"ENSMUSG00000087620","5330434G04Rik",183.100221263603,"Male Up DEG",0.260338861517317,0.0706138742081339,0.0577091648807798,1
"ENSMUSG00000087674","4930447M23Rik",74.1262606040313,"Male Up DEG",0.312343880652785,0.0212072281269172,0.176630972042907,0.816827000472641
"ENSMUSG00000089396","Gm23027",8.41339001409667,"Male Up DEG",0.217856428320889,0.00604609088678576,0.0831132387042067,1
"ENSMUSG00000089759","3632454L22Rik",49.0033409188658,"Male Up DEG",0.253745823535387,0.0753866366785103,0.0700696112151444,1
"ENSMUSG00000090061","Nwd2",3944.80108866183,"Male Up DEG",0.168839324256359,0.0806133544441282,0.0082337044344383,1
"ENSMUSG00000090877","Hspa1b",38.415654559814,"Male Up DEG",0.570123914630119,7.26398780520028e-08,0.115360475560127,1
"ENSMUSG00000091648","C2cd4d",41.7958842872077,"Both",0.432722851646481,2.4601263394678e-05,0.289428016947444,0.0879306568541839
"ENSMUSG00000091705","H2-Q2",97.5437523075327,"Both",0.699982483442941,4.08646148039042e-11,0.307210211582094,0.0512779641672072
"ENSMUSG00000091735","Gpr62",87.1043748681046,"Male Up DEG",0.381656264358245,0.0033034572993147,0.243360752610985,0.255617824450776
"ENSMUSG00000091971","Hspa1a",63.0773145930975,"Male Up DEG",0.386427561150893,0.000652798540604851,0.167165121008438,0.837025945939087
"ENSMUSG00000092035","Peg10",1150.62540563609,"Male Up DEG",0.342688948280056,0.00240881006347087,0.132413847204857,1
"ENSMUSG00000092094","Zfp804b",64.3055777688545,"Male Up DEG",0.259606665867748,0.0642942661201719,0.0825685107166334,1
"ENSMUSG00000093908","Gm5784",83.7283110254963,"Male Up DEG",0.343505737140783,0.00228698963130652,0.098091876820645,1
"ENSMUSG00000094841","Gm10610",18.4036223188229,"Male Up DEG",0.380312413454104,5.60826265689197e-05,0.140003062765047,0.521007873341162
"ENSMUSG00000095115","Itpripl2",250.943800570349,"Male Up DEG",0.378038098714981,0.000572358609810097,0.107730546414875,1
"ENSMUSG00000096351","Samd11",177.4076576562,"Male Up DEG",0.409154696730765,7.40815957747808e-05,0.138181983692774,0.873530051622384
"ENSMUSG00000096606","Tpbgl",78.4378716721153,"Male Up DEG",0.371183845008223,0.0033034572993147,0.23665952724646,0.381736184488451
"ENSMUSG00000096883","Shisa8",74.4738716744559,"Male Up DEG",0.270669808486799,0.0566896041943544,0.11104001213525,1
"ENSMUSG00000097079","Gm26604",25.9098704878369,"Male Up DEG",0.265582426276156,0.0295600964558059,-0.00579512398070801,1
"ENSMUSG00000097134","1110002J07Rik",170.741713114876,"Both",1.09730175732407,1.03953915535568e-33,0.467679101339093,1.34529501694811e-05
"ENSMUSG00000097146","Gm4211",78.8225764607868,"Male Up DEG",0.272726703939091,0.064114627568095,-0.053853935213551,1
"ENSMUSG00000097182","A830009L08Rik",275.48843735734,"Both",0.765279903694612,8.63928206034904e-16,0.455627989751541,3.50431352280386e-05
"ENSMUSG00000097263","Gm26804",32.5108542510023,"Male Up DEG",0.295684798547709,0.0170278537709129,0.086224436717673,1
"ENSMUSG00000097280","AI849053",163.402499875816,"Both",0.240780151762385,0.0808285802635387,0.359422723381842,0.00484019419731416
"ENSMUSG00000097303","3110083C13Rik",11.5233693531293,"Male Up DEG",0.159942825916301,0.0934984630860921,-0.0276699088237592,1
"ENSMUSG00000097433","Gm26781",180.737407360855,"Male Up DEG",0.380202766998268,0.000645597422183163,0.0435272432571933,1
"ENSMUSG00000097452","Gm2824",162.470318071885,"Male Up DEG",0.540846326380046,4.37128137965327e-07,0.267716649397625,0.228834924163724
"ENSMUSG00000097535","Gm26592",80.1937789931813,"Male Up DEG",0.284155038469848,0.0445221049358008,0.135827806222806,1
"ENSMUSG00000097571","Jpx",154.680735578661,"Female Up DEG",0.047957815768369,0.865517789727041,0.29724671589877,0.0878612665622687
"ENSMUSG00000097638","Carlr",29.2246688268909,"Male Up DEG",0.439507282680702,9.34592854252564e-06,0.182014159719472,0.521007873341162
"ENSMUSG00000097683","Gm26644",90.2714363959874,"Male Up DEG",0.362289620924558,0.00448940893784529,0.126755035733789,1
"ENSMUSG00000097697","4833412C05Rik",35.1576352591474,"Male Up DEG",0.373569736040249,0.00186392741174493,0.156737065402433,0.80092250127705
"ENSMUSG00000097794","Gm2990",9.49910076021936,"Male Up DEG",0.250970613736782,0.00562724172923802,0.00471665180884158,1
"ENSMUSG00000097796","Gm16702",119.045707573325,"Both",0.496339693565621,6.23878906607919e-06,0.328579436247221,0.0411906465836435
"ENSMUSG00000097877","Gm26703",101.224758586519,"Male Up DEG",0.272690381023117,0.0528799062125793,0.0388556411915809,1
"ENSMUSG00000097921","Gm26576",25.0870182406058,"Male Up DEG",0.244570371682279,0.029104048555647,0.11394292969459,0.955065682994427
"ENSMUSG00000097974","Gm10605",121.954574815612,"Male Up DEG",0.482192536136064,2.56147102095282e-05,0.252096492577788,0.295737731529018
"ENSMUSG00000098128","Gm3693",156.575861181556,"Male Up DEG",0.332483690647925,0.00942978845768974,0.062122723044586,1
"ENSMUSG00000098684","Gm27246",12.0484466147451,"Male Up DEG",0.180146185637625,0.0756902478533848,0.111964465588101,0.86813386647681
"ENSMUSG00000099032","Tcf24",16.0896590805001,"Male Up DEG",0.198673961964479,0.0757506324029505,0.0859266062070563,1
"ENSMUSG00000100241","Slc18a3",86.9742658401107,"Male Up DEG",0.847180253283619,3.25941470150212e-17,0.186898157621035,0.201357776310882
"ENSMUSG00000100303","2600014E21Rik",78.0815686507522,"Both",0.440077114697285,0.000171433604510329,0.351029729747413,0.0146381983620466
"ENSMUSG00000100600","A230077H06Rik",340.404587317746,"Male Up DEG",0.237148780451436,0.0415059196830655,0.118390177592681,1
"ENSMUSG00000100832","Gm29260",66.99065372762,"Male Up DEG",0.327443004282321,0.00882153208228463,0.14106633575459,1
"ENSMUSG00000101335","Gm28229",43.5040919181513,"Male Up DEG",0.273556018562275,0.0532572453170168,-0.0212422862833605,1
"ENSMUSG00000101834","Gm5829",5.58990279726371,"Male Up DEG",0.145637553710917,0.0566896041943544,0.0932093933297805,0.909454846984768
"ENSMUSG00000102018","K230010J24Rik",62.8508016339928,"Male Up DEG",0.458463241476548,4.63269312991994e-05,0.0881454543306618,1
"ENSMUSG00000102140","Gm38058",26.6315057608745,"Male Up DEG",0.228898475487348,0.0376330402690897,0.170408693048698,0.399969409860232
"ENSMUSG00000102428","Pcdhga12",742.157282267612,"Both",0.223117798935993,0.00732293169278217,0.247279740239197,0.00723413084601031
"ENSMUSG00000102432","Gm29856",27.450736273185,"Male Up DEG",0.346125116958851,0.000158824355420921,0.172168496274049,0.392543651280225
"ENSMUSG00000102692","Dchs2",179.521307049953,"Male Up DEG",0.263602890645078,0.0694189341708179,0.198861557543914,0.69463199841362
"ENSMUSG00000102748","Pcdhgb2",246.974418093201,"Male Up DEG",0.272472845364024,0.0396129209434272,0.1862317413652,0.705974805594281
"ENSMUSG00000102997","Gm17244",110.833188417162,"Male Up DEG",0.336139344680415,0.0107149450003084,0.270002192945074,0.207763797757787
"ENSMUSG00000103332","Pcdhga2",486.682590362901,"Male Up DEG",0.244044453797796,0.0213754839787467,0.165716296576652,0.63500668726242
"ENSMUSG00000103707","Pcdha6",273.559962062506,"Male Up DEG",0.258149612424176,0.0598217858398915,0.0112145877417503,1
"ENSMUSG00000103770","Pcdha9",598.284383260794,"Male Up DEG",0.243588673506257,0.0508648060968981,-0.0193276980822033,1
"ENSMUSG00000104011","Gm32391",68.2182038683872,"Male Up DEG",0.3098551573752,0.0272521134635722,0.0557501392883693,1
"ENSMUSG00000104091","Gm37317",9.95189559294353,"Male Up DEG",0.178291255259189,0.0208304155240228,0.0682463890396866,1
"ENSMUSG00000104178","Gm9916",81.2998737226808,"Male Up DEG",0.390182912338454,0.00145034762768521,0.262295869822452,0.213428588015773
"ENSMUSG00000104237","Gm33533",26.5943444503531,"Male Up DEG",0.428200795831902,1.41671220343067e-05,0.257023045279,0.144766460843233
"ENSMUSG00000104346","Pcdhga3",739.864597183387,"Male Up DEG",0.324113295598344,0.00256823776130506,0.246157991754968,0.191116785578098
"ENSMUSG00000104918","Gm42944",188.369000446903,"Both",0.739581957596754,1.48148277511334e-14,0.351494835948443,0.00891935009154672
"ENSMUSG00000105444","Gm10727",7.98200316519853,"Male Up DEG",0.227007718264546,0.00256476318757831,0.114804753188082,0.42536757023475
"ENSMUSG00000106060","Gm42488",23.2937197750219,"Both",0.458330405807255,1.73903423211848e-05,0.242243968093077,0.0871217145363188
"ENSMUSG00000106139","Gm30648",83.9400512935642,"Male Up DEG",0.259293597680337,0.0809348500540451,0.22292977331161,0.506239131569022
"ENSMUSG00000107008","Gm2762",171.764265661735,"Male Up DEG",0.473657919637892,1.14809665324925e-05,0.201646259515154,0.640004953063522
"ENSMUSG00000108228","6430584L05Rik",68.5389518437085,"Male Up DEG",0.428504223207289,0.000345324338918189,0.117434694126542,1
"ENSMUSG00000108616","Gm35040",1510.47106606961,"Male Up DEG",0.174436745615587,0.0485212270820772,0.043957459093824,1
"ENSMUSG00000109143","Gm10046",7.78536062856856,"Male Up DEG",0.191152306852231,0.00830047387092684,0.173236963929687,0.165780879336331
"ENSMUSG00000109401","Cpeb1os1",57.1384730120331,"Male Up DEG",0.448585384219813,0.000121109753482344,0.163127893219387,0.89519866034509
"ENSMUSG00000109669","Gm45472",7.93283222878023,"Male Up DEG",0.178866284367267,0.0492290740049763,-0.0388435836366243,1
"ENSMUSG00000109898","6330420H09Rik",11.1163089511641,"Male Up DEG",0.234385046974139,0.00717437928232389,0.0815138366671297,0.928375692991442
"ENSMUSG00000110080","Gm6145",256.052910827705,"Both",0.370732618070344,0.00054183302901998,0.396665344223017,0.000807305440282053
"ENSMUSG00000110216","Gm36325",12.4446277118881,"Male Up DEG",0.191459628614909,0.0566896041943544,0.0702720309307911,1
"ENSMUSG00000110373","Gm42303",68.1711467447078,"Male Up DEG",0.284725263879807,0.0479268935894362,0.131672347241652,1
"ENSMUSG00000110727","Gm48784",69.6772819897848,"Male Up DEG",0.492140585284276,1.29596961072736e-05,0.132239237591638,1
"ENSMUSG00000110862","Gm35835",80.1391226684543,"Male Up DEG",0.504860768838285,1.10151050604726e-06,0.248201305667983,0.267061993434857
"ENSMUSG00000110981","Gm35940",11.9655188902526,"Male Up DEG",0.275396993580043,0.000837138416900901,0.133751565194804,0.333594484730238
"ENSMUSG00000111055","D030034A15Rik",87.7216014665527,"Male Up DEG",0.619209985389257,2.27757568907265e-09,0.187491267841313,0.755956913546746
"ENSMUSG00000111147","AC160562.1",26.2826846667708,"Male Up DEG",0.554301150266459,2.89144559314539e-09,0.224599532891244,0.270498391361667
"ENSMUSG00000111504","Gm48284",26.0102460736235,"Male Up DEG",0.315349489858322,0.00897304620289483,0.0822474923243046,1
"ENSMUSG00000113019","Gm47467",7.06998394858843,"Male Up DEG",0.13905227513143,0.0603766982241405,-0.00688945184226961,1
"ENSMUSG00000113413","Gm21941",6.75090696274408,"Male Up DEG",0.148595750990312,0.0212982726398464,0.150021614190855,0.410811053457272
"ENSMUSG00000113429","Gm20063",87.9852890761583,"Male Up DEG",0.315991857046334,0.0177283641436573,0.146649311301877,1
"ENSMUSG00000113570","Gm5953",40.3610988125166,"Male Up DEG",0.356044440734127,0.000448243070720644,0.054978449313583,1
"ENSMUSG00000113691","Gm38699",24.8149616500211,"Male Up DEG",0.192979656457115,0.0481826937918963,0.0621333680773412,1
"ENSMUSG00000113959","Gm46339",23.5166687439438,"Male Up DEG",0.218260881341177,0.0709364324023941,0.0488131335218979,1
"ENSMUSG00000113986","CT010462.1",13.2522847144973,"Male Up DEG",0.237146867235566,0.0126938056736631,0.17268434028767,0.409561761859057
"ENSMUSG00000114271","Gm32224",22.2646111945909,"Male Up DEG",0.312045841568316,0.00524945576211176,0.161751496524416,0.333594484730238
"ENSMUSG00000114531","A530065N20Rik",10.0673902378616,"Male Up DEG",0.241107843235032,0.00923820995963936,0.126321994866285,0.521976311265494
"ENSMUSG00000114854","Gm34354",25.1548458904648,"Male Up DEG",0.283841442854446,0.00179549585652779,0.0593185464073954,1
"ENSMUSG00000115070","AC164883.2",12.3335415422828,"Male Up DEG",0.38402108006379,5.60826265689197e-05,0.0798939441530422,0.96252656306083
"ENSMUSG00000115149","AC112142.1",50.3601657041536,"Male Up DEG",0.356736373228095,0.00185867802409009,0.283135287879334,0.173283416069569
"ENSMUSG00000116772","",21.9113003373464,"Male Up DEG",0.218007853711034,0.0289607614053315,0.0353527228116246,1
"ENSMUSG00000117011","",370.02801072968,"Male Up DEG",0.466870461042561,1.41642489190926e-05,0.219232848729828,0.516301071526282
"ENSMUSG00000117406","",822.959062899046,"Both",0.918676804592762,7.97397654526496e-41,0.377961049577287,8.03579843120066e-06
"ENSMUSG00000117410","",14.7207831563806,"Male Up DEG",0.174007507893083,0.0778802455360485,0.0546143067912172,1
"ENSMUSG00000117592","",12.1906888408581,"Male Up DEG",0.341961005431706,0.000354934948545745,0.0984235563457786,0.695317159488621
"ENSMUSG00000117763","",64.9083303178923,"Both",0.603185344585306,5.43804656403213e-08,0.423778115603884,0.000117976695000108
"ENSMUSG00000117992","",35.6093570650251,"Male Up DEG",0.276236818701586,0.0365077837653044,0.143703141965143,0.816827000472641
"ENSMUSG00000118012","",165.056066275181,"Female Up DEG",-0.185314972963851,0.253428287508293,0.305300682227498,0.061036893099431
"ENSMUSG00000118094","",19.1902387192398,"Male Up DEG",0.226157841345094,0.0355155200259103,-0.0231622261591503,1
"ENSMUSG00000118219","",89.1672577112243,"Male Up DEG",0.27710495248968,0.0407211457289661,0.100819883118714,1
